,Offset.Project Operator,Project.Name,Project Type,tot,Project Owner ,Website,City,State
1,3Degrees,Clean Fuel Partners Dane,Livestock,17208,3Degrees,https://3degreesinc.com/,Dane,WI
2,3Degrees,Greenwood Dairy Anaerobic,Livestock,15735,3Degrees,https://3degreesinc.com/,Canton,NY
3,3Degrees,Homestead Green Energy,Livestock,23745,3Degrees,https://3degreesinc.com/,Plymouth,IN
4,3Degrees,Kettle Butte Digester,Livestock,43886,3Degrees,https://3degreesinc.com/,Idaho Falls,ID
5,3Degrees,Port of Tillamook Bay Regional,Livestock,20133,3Degrees,https://3degreesinc.com/,Tillamook,OR
6,3Degrees,Scenic View Dairy Methane,Livestock,72805,3Degrees,https://3degreesinc.com/,Fennville ,MI
7,A-Gas,Coolgas 2015-3,Ozone Depleting Substances,108622,A-Gas,https://www.agas.com/,Bowling Green,OH
8,A-Gas,Coolgas 2016-1,Ozone Depleting Substances,145594,A-Gas,https://www.agas.com/,Bowling Green,OH
9,A-Gas,Coolgas 2016-3,Ozone Depleting Substances,133239,A-Gas,https://www.agas.com/,Bowling Green,OH
10,A-Gas,Coolgas 2016-4,Ozone Depleting Substances,96564,A-Gas,https://www.agas.com/,Bowling Green,OH
11,A-Gas,Coolgas 2017-5,Ozone Depleting Substances,50793,A-Gas,https://www.agas.com/,Bowling Green,OH
12,A-Gas,Coolgas 2017-7,Ozone Depleting Substances,33184,A-Gas,https://www.agas.com/,Bowling Green,OH
13,A-Gas,Coolgas 2018-6,Ozone Depleting Substances,60855,A-Gas,https://www.agas.com/,Bowling Green,OH
14,A-Gas,Coolgas 2019-2,Ozone Depleting Substances,113564,A-Gas,https://www.agas.com/,Bowling Green,OH
15,A-Gas,Coolgas ODS 2013 Project #1,Ozone Depleting Substances,108627,A-Gas,https://www.agas.com/,Bowling Green,OH
16,A-Gas,Coolgas US ODS Project 1,Ozone Depleting Substances,197988,A-Gas,https://www.agas.com/,Bowling Green,OH
17,A-Gas,Coolgas US ODS Project 2,Ozone Depleting Substances,163884,A-Gas,https://www.agas.com/,Bowling Green,OH
18,A-Gas,DPC Domestic ODS,Ozone Depleting Substances,1116126,A-Gas,https://www.agas.com/,El Dorado,AR
19,A-Gas,PCS Domestic ODS,Ozone Depleting Substances,401525,A-Gas,https://www.agas.com/,El Dorado,AR
20,A-Gas,Pure Chem Domestic ODS,Ozone Depleting Substances,346815,A-Gas,https://www.agas.com/,El Dorado,AR
21,ABEC Bidart-Old,CalBio ORRD Project,Livestock,119545,CalBio,https://calbioenergy.com/,Bakersfield,CA
22,Ag Power Llc,Double A Dairy,Livestock,169854,Camco International,https://www.camco.energy/,Jerome ,ID
23,Ag Power Llc,The Dry Creek Dairy Biofactory,Livestock,148516,Camco International,https://www.camco.energy/,Hansen,ID
24,"Ahtna, Incorporated",Finite Carbon – Ahtna Native,U.S. Forest,12502637,Finite Carbon,https://www.finitecarbon.com/,Glennallen,AK
25,Alliance Dairies,Alliance Dairy,Livestock,57087,Alliance Dairies,https://www.alliancedairies.com/,Trenton ,Florida
26,AMC Maine,Finite Carbon – AMC Silver,U.S. Forest,139152,Finite Carbon,https://www.finitecarbon.com/,Greenville,ME
27,Aurora Ridge Dairy,Aurora Ridge,Livestock,42642,Ag Methane Advisors,http://www.agmethaneadvisors.com/,Aurora,NY
28,Aurora Ridge Dairy,Aurora Ridge Dairy,Livestock,50933,Ag Methane Advisors,http://www.agmethaneadvisors.com/,Aurora,NY
29,Bascom Pacific,McCloud River,U.S. Forest,214660,Blue Source,http://www.bluesource.com/,Castella,CA
30,Bewley Ranches,Bewley Ranches,U.S. Forest,662883,Bewley Ranches,,Mendocino,CA
31,Big Sky Dairy,Big Sky Dairy,Livestock,114253,Bonneville Environmental Foundation,http://www.b-e-f.org/,Jerome ,ID
32,Biothermica Coal Carbon Inc.,Vamox® Demonstration Project,Mine Methane,80766,Biothermica,http://www.biothermica.com/,Brookwood,AL
33,Blue Mountain Biogas.,Blue Mountain Biogas,Livestock,192269,Blue Mountain Biogas,,Cedar City,UT
34,Blue Source,Blue Source – Allegheny,U.S. Forest,1711529,Blue Source,http://www.bluesource.com/,Horner,WV
35,Blue Source,Blue Source – Francis Beidler,U.S. Forest,450908,Blue Source,http://www.bluesource.com/,Harleyville ,SC
36,Blue Source,Blue Source – Goodman,U.S. Forest,731728,Blue Source,http://www.bluesource.com/,Goodman,WI
37,Blue Source,Blue Source – Great Mountain,U.S. Forest,293972,Blue Source,http://www.bluesource.com/,Norfolk ,CT
38,Blue Source,Blue Source – Noles North,U.S. Forest,28946,Blue Source,http://www.bluesource.com/,Asheville,NC
39,Blue Source,Blue Source – Noles South,U.S. Forest,27566,Blue Source,http://www.bluesource.com/,Asheville,NC
40,Blue Source,Blue Source – Northwoods,U.S. Forest,325415,Blue Source,http://www.bluesource.com/,Hayward ,WI
41,Blue Source,Blue Source – Pocosin Lakes,U.S. Forest,185878,Blue Source,http://www.bluesource.com/,Creswell,NC
42,Blue Source,Blue Source – Powellton,U.S. Forest,1251198,Blue Source,http://www.bluesource.com/,Chapel Hill,NC
43,Blue Source,Blue Source – Wisconsin,U.S. Forest,305122,Blue Source,http://www.bluesource.com/,Hayward ,WI
44,Blue Source,Blue Source – Wolf River,U.S. Forest,478930,Blue Source,http://www.bluesource.com/,Madison ,WI
45,Blue Spruce Energy,Cottonwood Dairy Livestock,Livestock,103242,Blue Spruce Energy,http://www.bluespruceenergy.com/,South Wayne,WI
46,Bridgewater Dairy,Bridgewater Dairy LLC,Livestock,45459,Bridgewater Dairy,http://www.bridgewaterdairy.com/,Montpelier,OH
47,Brook View Dairy,Brook View Dairy Methane,Livestock,78937,Brook View Dairy,https://brookviewdairy.com/,Freeport,MI
48,Brookgreen Gardens,Green Assets-Brookgreen,U.S. Forest,162551,Green Assets,https://www.green-assets.com/,Garden City,SC
49,California Bioenergy,ABEC New Hope LLC,Livestock,4978,California Bioenergy,https://calbioenergy.com/,Galt,CA
50,California Timberlands,Cappell Creek Improved Forest,U.S. Forest,302769,California Timberlands,,Mettah,CA
51,California Timberlands,Lord Ellis Improved Forest,U.S. Forest,290915,California Timberlands,,Fernwood,CA
52,Camco International,Alliance Dairies,Livestock,9092,Camco International,https://www.camco.energy/,Trenton ,FL
53,Camco International,Bridgewater Dairy LLC,Livestock,52123,Camco International,https://www.camco.energy/,Montpelier,OH
54,Camco International,Central Sands Dairy LLC,Livestock,52407,Camco International,https://www.camco.energy/,Nekoosa ,WI
55,Camco International,District 45 Dairy,Livestock,57676,Camco International,https://www.camco.energy/,Hancock,MN
56,Camco International,Double A Dairy,Livestock,131435,Camco International,https://www.camco.energy/,Jerome ,ID
57,Camco International,"Edaleen Cow Power, LLC",Livestock,16901,Camco International,https://www.camco.energy/,Bellingham ,WA
58,Camco International,"Fair Oaks Dairy Farm, LLC",Livestock,171205,Camco International,https://www.camco.energy/,Fair Oaks,IN
59,Camco International,Gardeau Crest Dairy,Livestock,22054,Camco International,https://www.camco.energy/,Castile,NY
60,Camco International,Green Meadow Farm,Livestock,4565,Camco International,https://www.camco.energy/,Floral Park,NY
61,Camco International,Riverview Farm Anaerobic,Livestock,131206,Camco International,https://www.camco.energy/,Plainfield,NH
62,Camco International,"Storms Hog Power, LLC",Livestock,17339,Camco International,https://www.camco.energy/,Bladenboro,NC
63,Camco International,"Synergy Biogas, LLC",Livestock,14925,Camco International,https://www.camco.energy/,Covington,NY
64,Camco International,The Dry Creek Dairy,Livestock,116627,Camco International,https://www.camco.energy/,Hansen,ID
65,Camco International,Vanderhyde Dairy,Livestock,22251,Camco International,https://www.camco.energy/,Chatham,VA
66,Camco International,West River Farm Anaerobic,Livestock,95105,Camco International,https://www.camco.energy/,Martin,SD
67,Camco International,Willet Dairy,Livestock,27688,Camco International,https://www.camco.energy/,King Ferry,NY
68,Camco International,"Willow Point Dairy, LLC",Livestock,59212,Camco International,https://www.camco.energy/,Orleans ,MI
69,"Cargill, Inc",The B6 Dairy Farm,Livestock,46738,"Cargill, Inc",https://www.cargill.com/sustainability/priorities/climate-change,Hilmar,CA
70,Central Sands Dairy,"Central Sands Dairy, LLC",Livestock,61789,Central Sands Dairy,,Nekoosa ,WI
71,ClimeCo Corporation,ClimeCo ODS Destruction 16,Ozone Depleting Substances,245946,ClimeCo,https://climeco.com/,Bowling Green,OH
72,ClimeCo Corporation,ClimeCo ODS Destruction 18,Ozone Depleting Substances,226896,ClimeCo,https://climeco.com/,Bowling Green,OH
73,ClimeCo Corporation,ClimeCo ODS Destruction 20,Ozone Depleting Substances,72606,ClimeCo,https://climeco.com/,Bowling Green,OH
74,ClimeCo Corporation,ClimeCo ODS Destruction 21,Ozone Depleting Substances,140452,ClimeCo,https://climeco.com/,Bowling Green,OH
75,ClimeCo Corporation,ClimeCo ODS Destruction 22,Ozone Depleting Substances,53956,ClimeCo,https://climeco.com/,Bowling Green,OH
76,ClimeCo Corporation,ClimeCo ODS Destruction 23,Ozone Depleting Substances,44681,ClimeCo,https://climeco.com/,Bowling Green,OH
77,ClimeCo Corporation,ClimeCo ODS Destruction 24,Ozone Depleting Substances,56727,ClimeCo,https://climeco.com/,Bowling Green,OH
78,ClimeCo Corporation,ClimeCo ODS Destruction 25,Ozone Depleting Substances,71572,ClimeCo,https://climeco.com/,Bowling Green,OH
79,ClimeCo Corporation,ClimeCo ODS Destruction 26,Ozone Depleting Substances,123703,ClimeCo,https://climeco.com/,Bowling Green,OH
80,ClimeCo Corporation,ClimeCo ODS Destruction 27,Ozone Depleting Substances,50473,ClimeCo,https://climeco.com/,Bowling Green,OH
81,ClimeCo Corporation,ClimeCo ODS Destruction 28,Ozone Depleting Substances,58745,ClimeCo,https://climeco.com/,Bowling Green,OH
82,ClimeCo Corporation,ClimeCo ODS Destruction 29,Ozone Depleting Substances,97696,ClimeCo,https://climeco.com/,Bowling Green,OH
83,ClimeCo Corporation,ClimeCo ODS Destruction 30,Ozone Depleting Substances,140146,ClimeCo,https://climeco.com/,Bowling Green,OH
84,ClimeCo Corporation,Patterson Farms COP,Livestock,18283,ClimeCo,https://climeco.com/,Auburn,NY
85,ClimeCo Corporation,Spruce Haven Farm COP,Livestock,17820,ClimeCo,https://climeco.com/,Scipio Center,NY
86,ClimeCo Corporation,Sunnyside Farms COP,Livestock,76970,ClimeCo,https://climeco.com/,Scipio Center,NY
87,ClimeCo Corporation,Sunnyside Farms Inc,Livestock,34436,ClimeCo,https://climeco.com/,Scipio Center,NY
88,ClimeCo Corporation,T&M Bos Dairy,Livestock,51026,ClimeCo,https://climeco.com/,Fair Oaks,IN
89,ClimeCo Corporation,T&M Herrema Dairy,Livestock,64228,ClimeCo,https://climeco.com/,Fair Oaks,IN
90,ClimeCo Corporation,T&M Hidden View Dairy,Livestock,47709,ClimeCo,https://climeco.com/,Rensselaer,IN
91,ClimeCo Corporation,T&M Windy Ridge Dairy,Livestock,115802,ClimeCo,https://climeco.com/,Fair Oaks,IN
92,ClimeCo Corporation,Vander Haak Dairy COP,Livestock,9199,ClimeCo,https://climeco.com/,Lynden,WA
93,"Coastal Forestlands,",Brushy Mountain,U.S. Forest,1458494,Coastal Forestlands,,Mendocino,CA
94,Coastal Ridges LLC,Willits Woods,U.S. Forest,1150353,Coastal Ridges LLC,,Mendocino,CA
95,Coastal Ridges LLC,Willits Woods IFM,U.S. Forest,328088,Coastal Ridges LLC,,Mendocino,CA
96,"Congaree River,",Congaree River,U.S. Forest,94711,Congaree River,,Mendocino,CA
97,Cow Poo LLc,Cow Poo Digester,Livestock,7781,Cow Poo LLc,,Alma Center,WI
98,CSE,CSE Arizona Facility,Livestock,68814,Center for Sustainable Energy,https://energycenter.org/,Buckeye,AZ
99,CSE,CSE AZ Facility I,Livestock,21814,Center for Sustainable Energy,https://energycenter.org/,Maricopa,AZ
100,CSE,Linde,Livestock,2975,Center for Sustainable Energy,https://energycenter.org/,White,SD
101,Dairy Energy Inc,Vanderhyde Dairy,Livestock,26642,VanderHyde Dairy,https://www.vanderhydedairy.com/,Chatham,VA
102,David Dicktel,Blue Source – Pungo River,U.S. Forest,86679,Blue Source,http://www.bluesource.com/,Plymouth,NC
103,"ECC Windsor,",BMMC1,Mine Methane,36759,ECC Windsor,,Cameron ,WV
104,Eco Partners,Camp Shelby Forest Carbon,U.S. Forest,18683,Eco Partners,https://www.epcarbon.com/,Hattiesburg,MS
105,Edaleen Cow Power,"Edaleen Cow Power, LLC",Livestock,32952,Edaleen Cow Power,https://www.edaleendairy.com/,Lynden,WA
106,Edward Miller,Brush Creek,U.S. Forest,71587,Edward Miller Trust,,Point Arena,CA
107,Edward Miller,Miller Forest,U.S. Forest,243201,Edward Miller Trust,,Willow Creek ,CA
108,Environmental Credit Corp,Bos Dairy,Livestock,4077,ClimeCo,https://climeco.com/,Fair Oaks,IN
109,Environmental Credit Corp,Coyne Farms,Livestock,2314,ClimeCo,https://climeco.com/,Avon ,NY
110,Environmental Credit Corp,ECC-ODS-CA-002,Ozone Depleting Substances,27951,ClimeCo,https://climeco.com/,El Dorado,AR
111,Environmental Credit Corp,ECC-ODS-PA-001,Ozone Depleting Substances,310672,ClimeCo,https://climeco.com/,El Dorado,AR
112,Environmental Credit Corp,ECC-ODS-PA-003,Ozone Depleting Substances,350673,ClimeCo,https://climeco.com/,El Dorado,AR
113,Environmental Credit Corp,ECC ODS Destruction 11-2013,Ozone Depleting Substances,113438,ClimeCo,https://climeco.com/,El Dorado,AR
114,Environmental Credit Corp,ECC ODS Destruction 2-2014,Ozone Depleting Substances,126314,ClimeCo,https://climeco.com/,El Dorado,AR
115,Environmental Credit Corp,ECC ODS Destruction 2012,Ozone Depleting Substances,306517,ClimeCo,https://climeco.com/,El Dorado,AR
116,Environmental Credit Corp,ECC ODS Destruction 2013,Ozone Depleting Substances,255227,ClimeCo,https://climeco.com/,El Dorado,AR
117,Environmental Credit Corp,Fessenden Dairy,Livestock,2027,ClimeCo,https://climeco.com/,King Ferry,New York
118,Environmental Credit Corp,Herrema Dairy,Livestock,19480,ClimeCo,https://climeco.com/,Fair Oaks,Indiana
119,Environmental Credit Corp,Hidden View Dairy,Livestock,36730,ClimeCo,https://climeco.com/,Rensselaer,Indiana
120,Environmental Credit Corp,Miedema Dairy,Livestock,3668,ClimeCo,https://climeco.com/,Circleville,OH
121,Environmental Credit Corp,Patterson Farms,Livestock,7682,ClimeCo,https://climeco.com/,Auburn,NY
122,Environmental Credit Corp,Ridgecrest Dairy,Livestock,1177,ClimeCo,https://climeco.com/,Auburn,NY
123,Environmental Credit Corp,Will-O-Crest Farms Livestock,Livestock,2376,ClimeCo,https://climeco.com/,Canandaigua,NY
124,Environmental Credit Corp,Windy Ridge Dairy,Livestock,37535,ClimeCo,https://climeco.com/,Fair Oaks,IN
125,EOS Climate (Blue Source),2014-P4,Ozone Depleting Substances,71825,Blue Source,http://www.bluesource.com/,El Dorado,AR
126,EOS Climate (Blue Source),EOS-2013 Domestic,Ozone Depleting Substances,366729,Blue Source,http://www.bluesource.com/,El Dorado,AR
127,EOS Climate (Blue Source),EOS-CAR2011 Domestic,Ozone Depleting Substances,648454,Blue Source,http://www.bluesource.com/,El Dorado,AR
128,EOS Climate (Blue Source),EOS-JA-09-01,Ozone Depleting Substances,1017016,Blue Source,http://www.bluesource.com/,El Dorado,AR
129,EOS Climate (Blue Source),EOS ACR 2013,Ozone Depleting Substances,249025,Blue Source,http://www.bluesource.com/,El Dorado,AR
130,EOS Climate (Blue Source),EOS ACR 213,Ozone Depleting Substances,127664,Blue Source,http://www.bluesource.com/,El Dorado,AR
131,EOS Climate (Blue Source),EOS ACR 214,Ozone Depleting Substances,145580,Blue Source,http://www.bluesource.com/,El Dorado,AR
132,EOS Climate (Blue Source),EOS ACR 240,Ozone Depleting Substances,129700,Blue Source,http://www.bluesource.com/,El Dorado,AR
133,EOS Climate (Blue Source),EOS ACR 252,Ozone Depleting Substances,140736,Blue Source,http://www.bluesource.com/,Bowling Green,OH
134,EOS Climate (Blue Source),EOS ACR 253,Ozone Depleting Substances,135017,Blue Source,http://www.bluesource.com/,Bowling Green,OH
135,EOS Climate (Blue Source),EOS ACR 271,Ozone Depleting Substances,124882,Blue Source,http://www.bluesource.com/,Bowling Green,OH
136,EOS Climate (Blue Source),EOS ACR 285,Ozone Depleting Substances,45663,Blue Source,http://www.bluesource.com/,El Dorado,AR
137,EOS Climate (Blue Source),EOS ACR 311,Ozone Depleting Substances,107264,Blue Source,http://www.bluesource.com/,Clean Harbors,AR
138,EOS Climate (Blue Source),EOS ACR 312,Ozone Depleting Substances,140871,Blue Source,http://www.bluesource.com/,El Dorado,AR
139,EOS Climate (Blue Source),EOS ACR 315,Ozone Depleting Substances,86839,Blue Source,http://www.bluesource.com/,Bowling Green,OH
140,EOS Climate (Blue Source),EOS ACR 316,Ozone Depleting Substances,104897,Blue Source,http://www.bluesource.com/,El Dorado,AR
141,EOS Climate (Blue Source),EOS ACR 351,Ozone Depleting Substances,28562,Blue Source,http://www.bluesource.com/,El Dorado,AR
142,EOS Climate (Blue Source),EOS ACR 352,Ozone Depleting Substances,68637,Blue Source,http://www.bluesource.com/,El Dorado,AR
143,EOS Climate (Blue Source),EOS ACR 356,Ozone Depleting Substances,110720,Blue Source,http://www.bluesource.com/,El Dorado,AR
144,EOS Climate (Blue Source),EOS ACR 357,Ozone Depleting Substances,84131,Blue Source,http://www.bluesource.com/,El Dorado,AR
145,EOS Climate (Blue Source),EOS ACR 358,Ozone Depleting Substances,60749,Blue Source,http://www.bluesource.com/,El Dorado,AR
146,EOS Climate (Blue Source),EOS ARB ODS 2013-1,Ozone Depleting Substances,107542,Blue Source,http://www.bluesource.com/,El Dorado,AR
147,EOS Climate (Blue Source),EOS ARB ODS 2013-2,Ozone Depleting Substances,55996,Blue Source,http://www.bluesource.com/,El Dorado,AR
148,EOS Climate (Blue Source),EOS ARB ODS 2013-3,Ozone Depleting Substances,122800,Blue Source,http://www.bluesource.com/,El Dorado,AR
149,EOS Climate (Blue Source),EOS ARB ODS 2013-5,Ozone Depleting Substances,126155,Blue Source,http://www.bluesource.com/,El Dorado,AR
150,EOS Climate (Blue Source),EOS ARB ODS 2013-6,Ozone Depleting Substances,51864,Blue Source,http://www.bluesource.com/,El Dorado,AR
151,EOS Climate (Blue Source),EOS ARB ODS 2013-7,Ozone Depleting Substances,84418,Blue Source,http://www.bluesource.com/,El Dorado,AR
152,EOS Climate (Blue Source),EOS ARB ODS 2013-8,Ozone Depleting Substances,67490,Blue Source,http://www.bluesource.com/,El Dorado,AR
153,EOS Climate (Blue Source),EOS ARB ODS 2014-1,Ozone Depleting Substances,122080,Blue Source,http://www.bluesource.com/,El Dorado,AR
154,EOS Climate (Blue Source),EOS ARB ODS 2014-2,Ozone Depleting Substances,33214,Blue Source,http://www.bluesource.com/,El Dorado,AR
155,EOS Climate (Blue Source),EOS CAR 1074,Ozone Depleting Substances,57134,Blue Source,http://www.bluesource.com/,El Dorado,AR
156,Fair Oaks Dairy,Fair Oaks Dairy Farm LLC,Livestock,132079,Fair Oaks Dairy,https://fofarms.com/,Fair Oaks,IN
157,Farm Power Lynden,Farm Power Lynden Anaerobic,Livestock,51336,Farm Power Lynden,https://www.farmpower.com/,Lynden,WA
158,Blue Source,Blue Source – Bishop Improved,U.S. Forest,2514594,Blue Source,http://www.bluesource.com/,Grayling,MI
159,Blue Source,Blue Source – Lonesome Pine,U.S. Forest,447124,Blue Source,http://www.bluesource.com/,Wise,Virginia
160,Blue Source,Blue Source – Marmet,U.S. Forest,823265,Blue Source,http://www.bluesource.com/,Logan,WV
161,Finite Carbon,Finite Carbon –,U.S. Forest,3430380,Finite Carbon,https://www.finitecarbon.com/,Somerset,ME
162,Finite Carbon,Finite Carbon – Berry Summit,U.S. Forest,196786,Finite Carbon,https://www.finitecarbon.com/,Willow Creek ,CA
163,Finite Carbon,Finite Carbon – Brosnan Forest,U.S. Forest,286277,Finite Carbon,https://www.finitecarbon.com/,Charleston,SC
164,Finite Carbon,Finite Carbon – Colville IFM,U.S. Forest,12336210,Finite Carbon,https://www.finitecarbon.com/,Nespelem,WA
165,Finite Carbon,Finite Carbon – JTO Champion,U.S. Forest,889885,Finite Carbon,https://www.finitecarbon.com/,Tupper Lake,NY
166,Finite Carbon,Finite Carbon – Lyme Grand,U.S. Forest,484167,Finite Carbon,https://www.finitecarbon.com/,Somerset,ME
167,Finite Carbon,Finite Carbon – Molpus Ataya,U.S. Forest,2576141,Finite Carbon,https://www.finitecarbon.com/,Campbell,TN
168,Finite Carbon,Finite Carbon – MWF,U.S. Forest,239305,Finite Carbon,https://www.finitecarbon.com/,Shakopee,TN
169,Finite Carbon,Finite Carbon – NEFF,U.S. Forest,55767,Finite Carbon,https://www.finitecarbon.com/,Concord,NH
170,Finite Carbon,Finite Carbon – Potlatch Moro,U.S. Forest,278080,Finite Carbon,https://www.finitecarbon.com/,Hampton,AR
171,Finite Carbon,Finite Carbon – Sealaska,U.S. Forest,9599861,Finite Carbon,https://www.finitecarbon.com/,Juneau,AK
172,Finite Carbon,Finite Carbon – Shannondale,U.S. Forest,137536,Finite Carbon,https://www.finitecarbon.com/,Shannondale,MO
173,Finite Carbon,Finite Carbon – Tennessee,U.S. Forest,298672,Finite Carbon,https://www.finitecarbon.com/,Chattanooga,TN
174,Finite Carbon,Finite Carbon – The,U.S. Forest,2626763,Finite Carbon,https://www.finitecarbon.com/,Franklin,NY
175,Finite Carbon,Finite Carbon – The Forestland,U.S. Forest,1641999,Finite Carbon,https://www.finitecarbon.com/,Lancaster,NH
176,Finite Carbon,Finite Carbon – Upper Hudson,U.S. Forest,1139633,Finite Carbon,https://www.finitecarbon.com/,Warrensburg,NY
177,Finite Carbon,Finite Carbon Farm Cove,U.S. Forest,229402,Finite Carbon,https://www.finitecarbon.com/,Grand Lake Stream,ME
178,Finite Carbon,Virginia Highlands I,U.S. Forest,156167,Finite Carbon,https://www.finitecarbon.com/,Lebanon,VA
179,Finite Carbon,Warm Springs Phase One,U.S. Forest,1813212,Finite Carbon,https://www.finitecarbon.com/,Warm Springs,OR
180,Finite Carbon,Wyoming Improved Forest,U.S. Forest,3848402,Finite Carbon,https://www.finitecarbon.com/,Pikeville ,WV
181,Fiscalini Properties,Fiscalini Farms Anaerobic,Livestock,17840,Fiscalini Properties,,Modesto,CA
182,Forest Carbon Partners,Forest Carbon Partners –,U.S. Forest,3951129,Forest Carbon Partners,http://newforests.com.au/forests-carbon-partners/,Berea,KY
183,Forest Carbon Partners,Forest Carbon Partners – Eddie,U.S. Forest,222177,Forest Carbon Partners,http://newforests.com.au/forests-carbon-partners/,Mendocino,CA
184,Forest Carbon Partners,Forest Carbon Partners – Glass,U.S. Forest,218922,Forest Carbon Partners,http://newforests.com.au/forests-carbon-partners/,Eureka,CA
185,Forest Carbon Partners,Hanes Ranch Forest Carbon,U.S. Forest,102870,Forest Carbon Partners,http://newforests.com.au/forests-carbon-partners/,Mendocino,CA
186,Forest Carbon Partners,Montesol – Forest Carbon,U.S. Forest,176441,Forest Carbon Partners,http://newforests.com.au/forests-carbon-partners/,Napa,CA
187,Forest Carbon Partners,Round Valley Indian Tribes,U.S. Forest,513385,Forest Carbon Partners,http://newforests.com.au/forests-carbon-partners/,Mendocino,CA
188,Forest Carbon Partners,Trinity Timberlands University,U.S. Forest,685099,Forest Carbon Partners,http://newforests.com.au/forests-carbon-partners/,Weaverville,CA
189,Forest Carbon Partners,Yurok Tribe Sustainable Forest,U.S. Forest,1119977,Forest Carbon Partners,http://newforests.com.au/forests-carbon-partners/,Eureka,CA
190,Forest Carbon Partners,Yurok Tribe/Forest Carbon,U.S. Forest,828233,Forest Carbon Partners,http://newforests.com.au/forests-carbon-partners/,Eureka,CA
191,Gardeau Crest,Gardeau Crest Dairy,Livestock,56187,Gardeau Crest,,Perry,NY
192,George DeRuyter and Sons Dairy,George DeRuyter and Sons,Livestock,28932,Terrapass,https://www.terrapass.com/project/george-deruyter-and-sons-dairy,Yakima,WA
193,GJ TeVelde,GJ TeVelde Ranch Dairy,Livestock,27942,GJ TeVelde,,Tulare ,CA
194,Global Carbon,Bluesource GCS Bear Canyon,Mine Methane,59904,Blue Source,http://www.bluesource.com/,East Carbon,UT
195,Green Assets,Green Assets – BJT Avoided,U.S. Forest,243527,Green Assets,https://www.green-assets.com/,Atlanta,GA
196,Green Assets,Green Assets – HMWCF-I,U.S. Forest,729216,Green Assets,https://www.green-assets.com/,Lagrange,GA
197,Green Assets,Green Assets – HMWCF-II,U.S. Forest,548909,Green Assets,https://www.green-assets.com/,Crestview,FL
198,Green Assets,Green Assets – Lukens,U.S. Forest,199588,Green Assets,https://www.green-assets.com/,Lukens Island,NC
199,Green Assets,Green Assets – Middleton,U.S. Forest,453455,Green Assets,https://www.green-assets.com/,Charleston,SC
200,Green Diamond Resource Company,Green Diamond Resource,U.S. Forest,485492,Green Diamond Resource Company,https://www.greendiamond.com/,Klamath Falls,OR
201,Green Valley,Green Valley Dairy Methane,Livestock,66954,Terrapass,https://www.terrapass.com/,Krakow,WI
202,Grotegut Dairy,"Grotegut Dairy Farm, Inc.",Livestock,43865,Terrapass,https://www.terrapass.com/,Newton,WI
203,High Island Dairy,High Island Dairy,Livestock,52086,High Island Dairy,,Le Sueur,MN
204,Holsum Dairies,Holsum Elm,Livestock,48567,Holsum Dairies,www.holsumdairies.com/,Chilton,WI
205,Holsum Dairies,Holsum Elm Dairy,Livestock,48481,Holsum Dairies,www.holsumdairies.com/,Chilton,WI
206,Holsum Dairies,Holsum Irish Dairy,Livestock,72657,Holsum Dairies,www.holsumdairies.com/,Chilton,WI
207,Hudson Technologies,Hudson Tech 2018-1,Ozone Depleting Substances,21967,Hudson Technologies,https://www.hudsontech.com/,Bowling Green,OH
208,Hudson Technologies,Hudson Tech 2019-1,Ozone Depleting Substances,54157,Hudson Technologies,https://www.hudsontech.com/,Bowling Green,OH
209,Huron Mountain,Huron Mountain Club Forest,U.S. Forest,1099667,Huron Mountain Club,https://huronmountainclub.org/,Marquette,MI
210,Ideal Family Farms,Ideal Family Farms Digester,Livestock,21042,Ideal Family Farms,,Beavertown,PA
211,"Irony, LLC",Irony,Ozone Depleting Substances,8330,"Irony, LLC",,Bowling Green,OH
212,Keyrock Energy Inc,Corinth Abandoned Mine,Mine Methane,1189749,Keyrock Energy Inc,,Thompsonville,IL
213,Lamb Dairy Digesters,Lambs Dairy Digester,Livestock,29203,Lamb Dairy Digesters,,Oakfield,NY
214,Maas Energy,Van Steyn Dairy Digester,Livestock,5572,Maas Energy,https://www.maasenergy.com/,Sacramento,CA
215,Mailliard Ranch,Mailliard Ranch,U.S. Forest,763870,The Conservation Fund,https://www.conservationfund.org/,Eureka,CA
216,Maple Leaf Dairy,Maple Leaf Dairy East,Livestock,25013,Maple Leaf Dairy,,Manitowoc,WI
217,Maple Leaf Dairy,Maple Leaf Dairy West,Livestock,61474,Maple Leaf Dairy,,Manitowoc,WI
218,McElroy Green Marketing,Marshall County VAM,Mine Methane,1045923,McElroy Green Marketing,,Glen Easton,WV
219,McElroy Green Marketing,Verdeo McElroy VAM,Mine Methane,197411,McElroy Green Marketing,,Glen Easton,WV
220,Mendocino Redwood Company,Greenwood Creek,U.S. Forest,267975,Mendocino Redwood Company,https://www.hrcllc.com/,Mendocino,CA
221,Mendocino Redwood Company,Hollow Tree,U.S. Forest,660635,Mendocino Redwood Company,https://www.hrcllc.com/,Mendocino,CA
222,"Milbury Plantation,",Green Assets – Milbury,U.S. Forest,743046,Green Assets,https://www.green-assets.com/,Allendale,SC
223,"MWF Adirondacks,",Finite Carbon – MWF,U.S. Forest,924485,Finite Carbon,https://www.finitecarbon.com/,Huntsville,TN
224,Native Energy,Dairy Dreams,Livestock,65164,Native Energy,https://nativeenergy.com/,Green Bay,WI
225,Native Energy,Dairy Dreams Methane,Livestock,60092,Native Energy,https://nativeenergy.com/,Green Bay,WI
226,New Energy One,New Energy One Livestock,Livestock,192984,New Energy One,,Twin Falls,ID
227,Northeast Wilderness Trust,Alder Stream Preserve,U.S. Forest,29566,Northeast Wilderness Trust,www.newildernesstrust.org/wild-carbon/mitigation/,Piscataquis,ME
228,Northeast Wilderness Trust,Howland Research Forest,U.S. Forest,39469,Northeast Wilderness Trust,www.newildernesstrust.org/wild-carbon/mitigation/,Penobscot,ME
229,Open Sky Ranch Dairy,Open Sky Ranch Dairy Digester,Livestock,41466,Open Sky Ranch Dairy,,Fresno ,CA
230,Origin Climate Inc.,Brook View Dairy,Livestock,40069,3Degrees,https://3degreesinc.com/,Freeport,MI
231,Origin Climate Inc.,Green Valley Dairy,Livestock,47304,3Degrees,https://3degreesinc.com/,Krakow,WI
232,Origin Climate Inc.,Pagel's Ponderosa Dairy,Livestock,35876,3Degrees,https://3degreesinc.com/,Kewaunee,WI
233,Origin Climate Inc.,Scenic View Dairy,Livestock,58812,3Degrees,https://3degreesinc.com/,Fennville ,MI
234,Pacific Forest Trust,The Van Eck Forest,U.S. Forest,310888,Pacific Forest Trust,https://www.pacificforest.org/,Eureka,CA
235,Pacific Forest Trust,Van Eck Forest,U.S. Forest,8426,Pacific Forest Trust,https://www.pacificforest.org/,Eureka,CA
236,Pacific Rim,Pacific Rim Dairy Digester,Livestock,69292,Pacific Rim,,Tulare ,CA
237,Pagel's Dairy,Pagel's Ponderosa Dairy,Livestock,70109,Pagel's Dairy,www.pagelsponderosa.com/,Kewaunee,WI
238,Peabody Natural Gas,Coal Mine Methane Capture,Mine Methane,1072724,Peabody Natural Gas,https://www.peabodyenergy.com/,,
239,Perfect Score Technologies,Perfect Cycle ODS-1,Ozone Depleting Substances,52500,Perfect Score Technologies,www.perfectscore.com/,Bowling Green,OH
240,Perfect Score Technologies,Perfect Cycle ODS-2,Ozone Depleting Substances,42233,Perfect Score Technologies,www.perfectscore.com/,Bowling Green,OH
241,Perfect Score Technologies,Perfect Cycle ODS-3,Ozone Depleting Substances,52930,Perfect Score Technologies,www.perfectscore.com/,Bowling Green,OH
242,Perfect Score Technologies,Perfect Cycle ODS-4,Ozone Depleting Substances,65097,Perfect Score Technologies,www.perfectscore.com/,Bowling Green,OH
243,Philip Verwey,Verwey Hanford Dairy Digester,Livestock,49518,Philip Verwey,,Hanford,CA
244,Pixley Biogas,"Pixley Biogas, LLC",Livestock,22375,Pixley Biogas,,Pixley,CA
245,"RapRec Refrigerants,",RR 2012 1,Ozone Depleting Substances,171993,"RapRec Refrigerants,",https://www.raprec.com/,Bowling Green,OH
246,"RapRec Refrigerants,",RR ACR 2013,Ozone Depleting Substances,56124,"RapRec Refrigerants,",https://www.raprec.com/,Bowling Green,OH
247,"RapRec Refrigerants,",RR ACR 2014,Ozone Depleting Substances,315794,"RapRec Refrigerants,",https://www.raprec.com/,Bowling Green,OH
248,Refridgerant Exchange Corp,Refex ODS California 2010,Ozone Depleting Substances,12510,Refridgerant Exchange Corp,www.refex.com/,Bowling Green,OH
249,RES Agriculture,RES Ag – DM2-1 LLC,Livestock,23807,RES Agriculture,,Magnolia,NC
250,RES Agriculture,RES Ag – DM4-3 LLC,Livestock,33912,RES Agriculture,,Magnolia,NC
251,Rips Redwoods,Rips Redwoods,U.S. Forest,98751,Rips Redwoods,,Stewarts Point,CA
252,Riverview LLP,District 45 Dairy,Livestock,59593,Riverview LLP,https://www.riverviewllp.com/,Morris,MN
253,Riverview LLP,Riverview Farm Anaerobic,Livestock,36268,Riverview LLP,https://www.riverviewllp.com/,Morris,MN
254,Riverview LLP,West River Farm Anaerobic,Livestock,60461,Riverview LLP,https://www.riverviewllp.com/,Morris,MN
255,Roeslein Alternative Energy,Roeslein Alternative Energy of,Livestock,68827,Roeslein Alternative Energy,roesleinalternativeenergy.com/,Milan,MO
256,Sierra Pacific Industries,Buck Mountain ARB002,U.S. Forest,244181,Sierra Pacific Industries,https://www.spi-ind.com/,Yreka,CA
257,Sierra Pacific Industries,Sacramento Canyon ARB001,U.S. Forest,534860,Sierra Pacific Industries,https://www.spi-ind.com/,Redding,CA
258,Solar & Renewables Management,Southern Generation,Livestock,11606,Solar & Renewables Management,,Buckeye,AZ
259,Solar & Renewables Management,Stotz Southern Generation,Livestock,74777,Solar & Renewables Management,,Buckeye,AZ
260,Solvay Chemicals Inc.,Green River Trona Mine,Mine Methane,498654,Solvay Chemicals Inc.,https://www.solvay.us/en/index.html,Green River,WY
261,Solvay Chemicals Inc.,"Solvay Chemicals, Inc. Waste",Mine Methane,744290,Solvay Chemicals Inc.,https://www.solvay.us/en/index.html,Green River,WY
262,Statz Bros Inc,Statz B Farm Anaerobic,Livestock,35235,Statz Bros Inc,https://www.facebook.com/statzbrothers,Sun Prairie,WI
263,Statz Bros Inc,Statz Bros. Home Farm,Livestock,20122,Statz Bros Inc,https://www.facebook.com/statzbrothers,Sun Prairie,WI
264,Storms Hog,"Storms Hog Power, LLC",Livestock,28775,Storms Hog,,Bladenboro,NC
265,Sunny Knoll Farms,Sunny Knoll Farms Anaerobic,Livestock,25793,Sunny Knoll Farms,www.sunnyknollecofarm.com/,Rochester,NY
266,Swiss Valley Farms,Swiss Valley Farms,Livestock,6519,Swiss Valley Farms,https://www.swissvalley.com/,Warsaw,NY
267,Synergy Biogas,"Synergy Biogas, LLC",Livestock,22005,Synergy Biogas,http://ch4biogas.com/projects/synergy-biogas/,Wyoming,NY
268,The Climate Trust,Farm Power Lynden Anaerobic,Livestock,10426,The Climate Trust,https://climatetrust.org/,Lynden,WA
269,The Conservation Fund,Big River / Salmon Creek,U.S. Forest,986407,The Conservation Fund,https://www.conservationfund.org/,Mendocino,CA
270,The Conservation Fund,Garcia River Forest,U.S. Forest,254857,The Conservation Fund,https://www.conservationfund.org/,Mendocino,CA
271,The Conservation Fund,Garcia River Forest – ARB,U.S. Forest,349598,The Conservation Fund,https://www.conservationfund.org/,Mendocino,CA
272,The Conservation Fund,Gualala River Forest,U.S. Forest,256533,The Conservation Fund,https://www.conservationfund.org/,Mendocino,CA
273,The Conservation Fund,Gualala River Forest – ARB,U.S. Forest,235840,The Conservation Fund,https://www.conservationfund.org/,Mendocino,CA
274,The Nature Conservancy,Virginia Conservation Forestry,U.S. Forest,461121,The Nature Conservancy,https://www.nature.org/en-us/,Tazewell,VA
275,TMF Biofuels,TMF Biofuels Dairy Digester,Livestock,95349,TMF Biofuels,,Boardman,OR
276,Tradewater LLC,Tradewater ODS 1,Ozone Depleting Substances,116741,Tradewater LLC,https://www.tradewater.us/,El Dorado,AR
277,Tradewater LLC,Tradewater ODS 10,Ozone Depleting Substances,137262,Tradewater LLC,https://www.tradewater.us/,East Liverpool,OH
278,Tradewater LLC,Tradewater ODS 11,Ozone Depleting Substances,118326,Tradewater LLC,https://www.tradewater.us/,East Liverpool,OH
279,Tradewater LLC,Tradewater ODS 12,Ozone Depleting Substances,132126,Tradewater LLC,https://www.tradewater.us/,East Liverpool,OH
280,Tradewater LLC,Tradewater ODS 13,Ozone Depleting Substances,140145,Tradewater LLC,https://www.tradewater.us/,East Liverpool,OH
281,Tradewater LLC,Tradewater ODS 14,Ozone Depleting Substances,141087,Tradewater LLC,https://www.tradewater.us/,East Liverpool,OH
282,Tradewater LLC,Tradewater ODS 15,Ozone Depleting Substances,52322,Tradewater LLC,https://www.tradewater.us/,East Liverpool,OH
283,Tradewater LLC,Tradewater ODS 16,Ozone Depleting Substances,148592,Tradewater LLC,https://www.tradewater.us/,East Liverpool,OH
284,Tradewater LLC,Tradewater ODS 17,Ozone Depleting Substances,105029,Tradewater LLC,https://www.tradewater.us/,East Liverpool,OH
285,Tradewater LLC,Tradewater ODS 18,Ozone Depleting Substances,96146,Tradewater LLC,https://www.tradewater.us/,East Liverpool,OH
286,Tradewater LLC,Tradewater ODS 19,Ozone Depleting Substances,85284,Tradewater LLC,https://www.tradewater.us/,East Liverpool,OH
287,Tradewater LLC,Tradewater ODS 2,Ozone Depleting Substances,103357,Tradewater LLC,https://www.tradewater.us/,El Dorado,AR
288,Tradewater LLC,Tradewater ODS 20,Ozone Depleting Substances,83032,Tradewater LLC,https://www.tradewater.us/,East Liverpool,OH
289,Tradewater LLC,Tradewater ODS 21,Ozone Depleting Substances,35887,Tradewater LLC,https://www.tradewater.us/,East Liverpool,OH
290,Tradewater LLC,Tradewater ODS 3,Ozone Depleting Substances,97813,Tradewater LLC,https://www.tradewater.us/,El Dorado,AR
291,Tradewater LLC,Tradewater ODS 4,Ozone Depleting Substances,91819,Tradewater LLC,https://www.tradewater.us/,El Dorado,AR
292,Tradewater LLC,Tradewater ODS 5,Ozone Depleting Substances,121455,Tradewater LLC,https://www.tradewater.us/,El Dorado,AR
293,Tradewater LLC,Tradewater ODS 6,Ozone Depleting Substances,120918,Tradewater LLC,https://www.tradewater.us/,El Dorado,AR
294,Tradewater LLC,Tradewater ODS 7,Ozone Depleting Substances,138972,Tradewater LLC,https://www.tradewater.us/,El Dorado,AR
295,Tradewater LLC,Tradewater ODS 8,Ozone Depleting Substances,138331,Tradewater LLC,https://www.tradewater.us/,El Dorado,AR
296,Tradewater LLC,Tradewater ODS 9,Ozone Depleting Substances,129854,Tradewater LLC,https://www.tradewater.us/,El Dorado,AR
297,Usal Redwood,Usal Redwood Forest,U.S. Forest,3166372,The Conservation Fund,https://www.conservationfund.org/projects/usal-redwood-forest,Mendocino,CA
298,Usal Redwood,Usal Redwood Forest – IFM,U.S. Forest,735434,The Conservation Fund,https://www.conservationfund.org/projects/usal-redwood-forest,Mendocino,CA
299,Van Erk Digester,Van-Erk Digester Project,Livestock,10037,Van Erk Digester,,Haviland,OH
300,Vessels Cambria,Cambria 33 Abandoned Mine,Mine Methane,22118,Vessels Coal Inc,vesselscoalgas.com/,Ebenburg,PA
301,Vessels Coal Inc,Cambria 33 Abandoned Mine,Mine Methane,107064,Vessels Coal Inc,vesselscoalgas.com/,Ebenburg,PA
302,Vessels Coal Inc,Elk Creek Coal Mine Methane,Mine Methane,698872,Vessels Coal Inc,vesselscoalgas.com/,Somerset,CO
303,Vessels Coal Inc,Elk Creek Permit Area,Mine Methane,420398,Vessels Coal Inc,vesselscoalgas.com/,Somerset,CO
304,"Wabashco, Inc",Baker Mine AMM,Mine Methane,2236,"Wabashco, Inc",,Wilsonville,KY
305,"Wabashco, Inc",Wabashco Clean Sweep 1,Ozone Depleting Substances,50600,"Wabashco, Inc",,Bowling Green,OH
306,"Wabashco, Inc",Wabashco Clean Sweep 2,Ozone Depleting Substances,88044,"Wabashco, Inc",,Bowling Green,OH
307,"Wabashco, Inc",Wabashco Clean Sweep 3,Ozone Depleting Substances,112378,"Wabashco, Inc",,Bowling Green,OH
308,"Wabashco, Inc",Wabashco Clean Sweep 4,Ozone Depleting Substances,110003,"Wabashco, Inc",,Bowling Green,OH
309,"Wabashco, Inc",Wabashco Clean Sweep 5,Ozone Depleting Substances,57589,"Wabashco, Inc",,Bowling Green,OH
310,"Wabashco, Inc",Wabashco Clean Sweep 6,Ozone Depleting Substances,39036,"Wabashco, Inc",,Bowling Green,OH
311,"Wabashco, Inc",Wabashco Clean Sweep 7,Ozone Depleting Substances,116836,"Wabashco, Inc",,Bowling Green,OH
312,"Wabashco, Inc",Wabashco Clean Sweep 8,Ozone Depleting Substances,111977,"Wabashco, Inc",,Bowling Green,OH
313,"Wabashco, Inc",Wabashco Clean Sweep 9,Ozone Depleting Substances,93298,"Wabashco, Inc",,Bowling Green,OH
314,Washington Environmental Council,Ashford III,U.S. Forest,37875,Washington Environmental Council,https://wecprotects.org/,Ashford,WA
315,Western Rivers Forestry,Blue Creek,U.S. Forest,690603,Western Rivers Forestry,http://www.westernrivers.org/projectatlas/blue-creek/,Crescent City,CA
316,White Mountain Apache Tribe,White Mountain Apache Tribe,U.S. Forest,9231669,White Mountain Apache Tribe,https://whitemountainapache.org/,White River,AZ
317,Willet Dairy,Willet Dairy,Livestock,46721,Willet Dairy,,King Ferry,NY
318,Willow Point Dairy,"Willow Point Dairy, LLC",Livestock,65333,Willow Point Dairy,,Orleans ,MI
319,Wilshire Stanford Offsets,WSO 2011 1,Ozone Depleting Substances,87503,Wilshire Stanford Offsets,,El Dorado,AR
320,Wilshire Stanford Offsets,WSO 2011 2,Ozone Depleting Substances,46215,Wilshire Stanford Offsets,,El Dorado,AR
321,Woodcrest Dairy Digester,Woodcrest Dairy Digester,Livestock,18113,Woodcrest Dairy Digester,,Ogdenburg,NY
322,WTE Dairies,Dairyland Digester,Livestock,108462,WTE Dairies,,Green Bay,WI
323,WTE Dairies,Deer Run Digester,Livestock,31414,WTE Dairies,,Kewaunee,WI
324,WTE Dairies,Wakker Digester,Livestock,46487,WTE Dairies,,Kewaunee,WI
325,WTE Dairies,"WTE-Dallmann, LLC",Livestock,67090,WTE Dairies,,Kewaunee,WI
326,WTE Dairies,"WTE-S&S Ag Enterprises, LLC",Livestock,53648,WTE Dairies,,Kewaunee,WI
327,Yippee Farms,Yippee Farms,Livestock,23851,Yippee Farms,http://www.yippeefarm.com/index.html,Columbia,PA
328,NA,A-Gas 2018-3,Ozone Depleting Substances,97831,A-Gas,https://www.agas.com/,Bowling Green,OH
329,NA,A-Gas 2018-4,Ozone Depleting Substances,110290,A-Gas,https://www.agas.com/,Bowling Green,OH
330,NA,A-Gas 2018-5,Ozone Depleting Substances,102700,A-Gas,https://www.agas.com/,Bowling Green,OH
331,NA,A-Gas 2018-7,Ozone Depleting Substances,159218,A-Gas,https://www.agas.com/,Bowling Green,OH
332,NA,A-Gas 2018-8,Ozone Depleting Substances,128012,A-Gas,https://www.agas.com/,Bowling Green,OH
333,NA,A-Gas 2018-9,Ozone Depleting Substances,93703,A-Gas,https://www.agas.com/,Bowling Green,OH
334,NA,A-Gas 2019-1,Ozone Depleting Substances,138241,A-Gas,https://www.agas.com/,Bowling Green,OH
335,NA,A-Gas 2019-3,Ozone Depleting Substances,114871,A-Gas,https://www.agas.com/,Bowling Green,OH
336,NA,A-GAS Americas 2015-1,Ozone Depleting Substances,134418,A-Gas,https://www.agas.com/,Bowling Green,OH
337,NA,A-GAS Americas 2015-2,Ozone Depleting Substances,135577,A-Gas,https://www.agas.com/,Bowling Green,OH
338,NA,A-Gas Americas 2016-2,Ozone Depleting Substances,181190,A-Gas,https://www.agas.com/,Bowling Green,OH
339,NA,A-Gas Americas 2017-1,Ozone Depleting Substances,141207,A-Gas,https://www.agas.com/,Bowling Green,OH
340,NA,A-Gas Americas 2017-2,Ozone Depleting Substances,140916,A-Gas,https://www.agas.com/,Bowling Green,OH
341,NA,A-Gas Americas 2017-3,Ozone Depleting Substances,140698,A-Gas,https://www.agas.com/,Bowling Green,OH
342,NA,A-Gas Americas 2017-4,Ozone Depleting Substances,122128,A-Gas,https://www.agas.com/,Bowling Green,OH
343,NA,A-Gas Americas 2017-6,Ozone Depleting Substances,55404,A-Gas,https://www.agas.com/,Bowling Green,OH
344,NA,A-Gas Americas 2017-8,Ozone Depleting Substances,223464,A-Gas,https://www.agas.com/,Bowling Green,OH
345,NA,A-Gas Americas 2018-1,Ozone Depleting Substances,154972,A-Gas,https://www.agas.com/,Bowling Green,OH
346,NA,A-Gas Americas 2018-2,Ozone Depleting Substances,119844,A-Gas,https://www.agas.com/,Bowling Green,OH
347,NA,A-Gas O’Hare,Ozone Depleting Substances,111348,A-Gas,https://www.agas.com/,Bowling Green,OH
348,NA,A-GAS RemTec 2013-1,Ozone Depleting Substances,93055,A-Gas,https://www.agas.com/,Bowling Green,OH
349,NA,A-GAS RemTec 2013-4,Ozone Depleting Substances,191960,A-Gas,https://www.agas.com/,Bowling Green,OH
350,NA,A-GAS RemTec 2013-5,Ozone Depleting Substances,129099,A-Gas,https://www.agas.com/,Bowling Green,OH
351,NA,A-GAS RemTec 2014-1,Ozone Depleting Substances,129838,A-Gas,https://www.agas.com/,Bowling Green,OH
352,NA,A-GAS RemTec 2014-2,Ozone Depleting Substances,107744,A-Gas,https://www.agas.com/,Bowling Green,OH
353,NA,A-GAS RemTec 2014-3,Ozone Depleting Substances,148331,A-Gas,https://www.agas.com/,Bowling Green,OH
354,NA,Blue Source – Alligator River,U.S. Forest,477935,Blue Source,http://www.bluesource.com/,Ocracoke,NC
355,NA,Buckeye Forest Project,U.S. Forest,595681,The Conservation Fund,https://www.conservationfund.org/projects/buckeye-forest,Sonoma,CA
356,NA,Finite Carbon – Massachusetts,U.S. Forest,655723,Finite Carbon,https://www.finitecarbon.com/,Worcester,MA
357,NA,Honeywell ODS Destruction,Ozone Depleting Substances,128072,Honeywell Refridgerants,,El Dorado,AR
358,NA,RemTec International ODS,Ozone Depleting Substances,371236,RemTec,http://remtec.com/,Bowling Green,OH
359,NA,RemTec ODS Destruction,Ozone Depleting Substances,156882,RemTec,http://remtec.com/,Bowling Green,OH
360,NA,Rosendale Anaerobic Digester,Livestock,94701,Rosendale Dairy,,Pickett,WI
