,Offset Project Operator,Project Name,Project Type,State,tot,Project.Owner,Website,City,State2
164,"EOS Climate, Inc.",2014-P4,ODS,AR,71825,Blue Source,http://www.bluesource.com/,El Dorado,AR
35,"California Bioenergy, LLC",ABEC New Hope LLC,Livestock,CA,4978,California Bioenergy,https://calbioenergy.com/,Galt,CA
12,"Adirondack Farms, LLC",Adirondack Farms,Livestock,NY,6955,,,,
309,"Reclamation Technologies, Inc.",A-Gas 2018-3,ODS,OH,97831,A Gas,https://www.agas.com/,Bowling Green,OH
310,"Reclamation Technologies, Inc.",A-Gas 2018-4,ODS,OH,110290,A Gas,https://www.agas.com/,Bowling Green,OH
311,"Reclamation Technologies, Inc.",A-Gas 2018-5,ODS,OH,102700,A Gas,https://www.agas.com/,Bowling Green,OH
312,"Reclamation Technologies, Inc.",A-Gas 2018-7,ODS,OH,159218,A Gas,https://www.agas.com/,Bowling Green,OH
313,"Reclamation Technologies, Inc.",A-Gas 2018-8,ODS,OH,128012,A Gas,https://www.agas.com/,Bowling Green,OH
314,"Reclamation Technologies, Inc.",A-Gas 2018-9,ODS,OH,93703,A Gas,https://www.agas.com/,Bowling Green,OH
315,"Reclamation Technologies, Inc.",A-Gas 2019-1,ODS,OH,138241,A Gas,https://www.agas.com/,Bowling Green,OH
316,"Reclamation Technologies, Inc.",A-Gas 2019-3,ODS,OH,114871,A Gas,https://www.agas.com/,Bowling Green,OH
317,"Reclamation Technologies, Inc.",A-Gas 2019-4,ODS,OH,88307,A Gas,https://www.agas.com/,Bowling Green,OH
318,"Reclamation Technologies, Inc.",A-GAS Americas 2015-1,ODS,OH,134418,A Gas,https://www.agas.com/,Bowling Green,OH
319,"Reclamation Technologies, Inc.",A-Gas Americas 2016-2,ODS,OH,181190,A Gas,https://www.agas.com/,Bowling Green,OH
320,"Reclamation Technologies, Inc.",A-Gas Americas 2017-1,ODS,OH,141207,A Gas,https://www.agas.com/,Bowling Green,OH
338,"Reclamation Technologies, Inc. dba A-Gas Americas",A-Gas Americas 2017-2,ODS,OH,140916,A Gas,https://www.agas.com/,Bowling Green,OH
321,"Reclamation Technologies, Inc.",A-Gas Americas 2017-3,ODS,OH,140698,A Gas,https://www.agas.com/,Bowling Green,OH
322,"Reclamation Technologies, Inc.",A-Gas Americas 2017-4,ODS,OH,122128,A Gas,https://www.agas.com/,Bowling Green,OH
323,"Reclamation Technologies, Inc.",A-Gas Americas 2017-6,ODS,OH,55404,A Gas,https://www.agas.com/,Bowling Green,OH
324,"Reclamation Technologies, Inc.",A-Gas Americas 2017-8,ODS,OH,223464,A Gas,https://www.agas.com/,Bowling Green,OH
325,"Reclamation Technologies, Inc.",A-Gas Americas 2018-1,ODS,OH,154972,A Gas,https://www.agas.com/,Bowling Green,OH
326,"Reclamation Technologies, Inc.",A-Gas Americas 2018-2,ODS,OH,119844,A Gas,https://www.agas.com/,Bowling Green,OH
327,"Reclamation Technologies, Inc.",A-Gas O'Hare,ODS,OH,111348,A Gas,https://www.agas.com/,Bowling Green,OH
328,"Reclamation Technologies, Inc.",A-GAS RemTec 2013-1,ODS,OH,93055,A Gas,https://www.agas.com/,Bowling Green,OH
329,"Reclamation Technologies, Inc.",A-GAS RemTec 2013-4,ODS,AR,191960,A Gas,https://www.agas.com/,El Dorado,AR
330,"Reclamation Technologies, Inc.",A-GAS RemTec 2013-5,ODS,OH,129099,A Gas,https://www.agas.com/,Bowling Green,OH
331,"Reclamation Technologies, Inc.",A-GAS RemTec 2014-1,ODS,OH,129838,A Gas,https://www.agas.com/,Bowling Green,OH
332,"Reclamation Technologies, Inc.",A-GAS RemTec 2014-2,ODS,OH,107744,A Gas,https://www.agas.com/,Bowling Green,OH
333,"Reclamation Technologies, Inc.",A-GAS RemTec 2014-3,ODS,OH,148331,A Gas,https://www.agas.com/,Bowling Green,OH
334,"Reclamation Technologies, Inc.",A-GAS RemTec 2015-2,ODS,OH,135577,A Gas,https://www.agas.com/,Bowling Green,OH
272,Northeast Wilderness Trust,Alder Stream Preserve,Forest,ME,36596,Northeast Wilderness Trust,www.newildernesstrust.org/wild-carbon/mitigation/,Piscataquis,ME
38,"Camco International Group, Inc.",Alliance Dairies,Livestock,FL,9092,Camco International,https://www.camco.energy/,Trenton ,FL
18,Alliance Dairies,Alliance Dairy,Livestock,FL,57087,Alliance Dairies,https://www.alliancedairies.com/,Trenton ,FL
268,Nisqually Land Trust,Ashford III,Forest,WA,46875,Washington Environmental Council,https://wecprotects.org/,Ashford,WA
22,"Aurora Ridge Dairy, LLC",Aurora Ridge,Livestock,NY,42642,Ag Methane Advisors,http://www.agmethaneadvisors.com/,Aurora,NY
23,"Aurora Ridge Dairy, LLC",Aurora Ridge Dairy,Livestock,NY,50933,Ag Methane Advisors,http://www.agmethaneadvisors.com/,Aurora,NY
416,"Wabashco, LLC",Baker Mine AMM,MMC,KY,2236,"Wabashco, Inc",0,Wilsonville,KY
349,Ross Bewley,Bewley Ranches,Forest,CA,820400,Bewley Ranches,0,Mendocino,CA
370,The Conservation Fund,Big River / Salmon Creek Forests,Forest,CA,976671,The Conservation Fund,https://www.conservationfund.org/,Mendocino,CA
371,The Conservation Fund,Big River / Salmon Creek Forests - ARB,Forest,CA,244726,The Conservation Fund,https://www.conservationfund.org/,Mendocino,CA
115,"DF-AP#1, LLC",Big Sky Dairy,Livestock,ID,114253,Bonneville Environmental Foundation,http://www.b-e-f.org/,Jerome ,ID
426,Western Rivers Forestry,Blue Creek,Forest,CA,855090,Bonneville Environmental Foundation,http://www.westernrivers.org/projectatlas/blue-creek/,Crescent City,CA
19,"Alpental Energy Partners, LLC",Blue Mountain Biogas,Livestock,UT,137130,Blue Mountain Biogas,0,Cedar City,UT
30,"Blue Mountain Biogas, LLC",Blue Mountain Biogas,Livestock,UT,55139,Blue Mountain Biogas,0,Cedar City,UT
17,"Allegheny Rural NMTC Forestlands, LLC",Blue Source - Allegheny Improved Forest Management Project,Forest,WV,2119179,Blue Source,http://www.bluesource.com/,Horner,WV
250,"Mattamuskeet Ventures I, LLC",Blue Source - Alligator River Avoided Conversion,Forest,NC,105525,Blue Source,http://www.bluesource.com/,Ocracoke,NC
251,"Mattamuskeet Ventures I, LLC",Blue Source – Alligator River Avoided Conversion,Forest,NC,498693,Blue Source,http://www.bluesource.com/,Ocracoke,NC
209,"Great Lakes Forests 1, LLC",Blue Source – Bishop Improved Forest Management Project,Forest,MI,450720,Blue Source,http://www.bluesource.com/,Grayling,MI
220,"Heartwood Forestland Fund IV, Limited Partnership",Blue Source – Bishop Improved Forest Management Project,Forest,MI,2661403,Blue Source,http://www.bluesource.com/,Grayling,MI
265,National Audubon Society,Blue Source – Francis Beidler Improved Forest Management Project,Forest,SC,570049,Blue Source,http://www.bluesource.com/,Harleyville ,SC
207,"Goodman Forest, LLC",Blue Source - Goodman Improved Forest Management Project,Forest,WI,157201,Blue Source,http://www.bluesource.com/,Goodman,WI
208,"Goodman Forest, LLC",Blue Source – Goodman Improved Forest Management Project,Forest,WI,852630,Blue Source,http://www.bluesource.com/,Goodman,WI
210,Great Mountain Forest Corporation,Blue Source - Great Mountain Forest Improved Forest Management Project,Forest,CT,356710,Blue Source,http://www.bluesource.com/,Norfolk ,CT
224,"Heartwood Forestland Fund V, LP",Blue Source - Lonesome Pine Improved Forest Management Project,Forest,VA,553371,Blue Source,http://www.bluesource.com/,Wise,VA
225,"Heartwood Forestland Fund VIII, LP",Blue Source - Marmet Improved Forest Management Project,Forest,WV,1019350,Blue Source,http://www.bluesource.com/,Logan,WV
256,Michael A. Noles,Blue Source – Noles North Avoided Conversion Forest Project,Forest,NC,36597,Blue Source,http://www.bluesource.com/,Asheville,NC
257,Michael A. Noles,Blue Source – Noles South Avoided Conversion Forest Project,Forest,NC,34856,Blue Source,http://www.bluesource.com/,Asheville,NC
275,"Northwoods ATP, LP",Blue Source - Northwoods Improved Forest Management Project,Forest,WI,394864,Blue Source,http://www.bluesource.com/,Hayward ,WI
32,Brinkley Melvin,Blue Source – Pocosin Lakes Forest Conservation Project,Forest,NC,234992,Blue Source,http://www.bluesource.com/,Creswell,NC
305,"Quercus West Virginia, LLC",Blue Source – Powellton Improved Forest Management Project,Forest,WV,1549207,Blue Source,http://www.bluesource.com/,Chapel Hill,NC
113,David Dicktel,Blue Source – Pungo River Forest Conservation Project,Forest,NC,109583,Blue Source,http://www.bluesource.com/,Plymouth,NC
433,"Wisconsin Northern Highlands NMTC, LLC",Blue Source - Wisconsin Northern Highlands Improved Forest Management Project,Forest,WI,375073,Blue Source,http://www.bluesource.com/,Hayward ,WI
434,"Wolf River ATP, LP",Blue Source - Wolf River Improved Forest Management Project,Forest,WI,609748,Blue Source,http://www.bluesource.com/,Madison ,WI
25,Baskahegan Company,Bluesource – Baskahegan Improved Forest Management Project,Forest,ME,844499,Blue Source,http://www.bluesource.com/,Brookton,ME
204,Global Carbon Strategies,Bluesource GCS Bear Canyon,MMC,UT,59904,Blue Source,http://www.bluesource.com/,East Carbon,UT
136,"ECC Windsor, Inc.",BMMC1,MMC,WV,36759,Blue Source,http://www.bluesource.com/,Cameron ,WV
141,Environmental Credit Corp.,Bos Dairy,Livestock,IN,4077,ClimeCo,https://climeco.com/,Fair Oaks,IN
39,"Camco International Group, Inc.",Bridgewater Dairy LLC,Livestock,OH,52123,Bridgewater Dairy,http://www.bridgewaterdairy.com/,Montpelier,OH
31,"Bridgewater Dairy, LLC","Bridgewater Dairy, LLC",Livestock,OH,45459,Bridgewater Dairy,http://www.bridgewaterdairy.com/,Montpelier,OH
277,Origin Climate Inc. (formerly TerraPass Inc.),Brook View Dairy,Livestock,MI,40069,Brook View Dairy,https://brookviewdairy.com/,Freeport,MI
33,"Brook View Dairy, LLC",Brook View Dairy Methane Reduction Project,Livestock,MI,78937,Brook View Dairy,https://brookviewdairy.com/,Freeport,MI
139,Edward Miller Trust,Brush Creek,Forest,CA,88598,Edward Miller Trust,0,Point Arena,CA
84,"Coastal Forestlands, LTD., a California Limited Partnership",Brushy Mountain,Forest,CA,1805137,Coastal Forestlands,0,Mendocino,CA
355,Sierra Pacific Industries,Buck Mountain ARB002,Forest,CA,302354,Sierra Pacific Industries,https://www.spi-ind.com/,Yreka,CA
365,"Sustainable Conservation, Inc.",Buckeye Forest Project,Forest,CA,737560,The Conservation Fund,https://www.conservationfund.org/projects/buckeye-forest,Sonoma,CA
11,"ABEC Bidart-Old River, LLC",CalBio ORRD Project,Livestock,CA,119545,California Bioenergy,https://calbioenergy.com/,Bakersfield,CA
413,Vessels Cambria 33 Resources LLC,Cambria 33 Abandoned Mine Methane Capture and Use Project,MMC,PA,22118,Vessels Coal Inc,vesselscoalgas.com/,Ebenburg,PA
414,"Vessels Coal Gas, Inc.",Cambria 33 Abandoned Mine Methane Capture and Use Project,MMC,PA,107064,Vessels Coal Inc,vesselscoalgas.com/,Ebenburg,PA
87,Compatible Lands Foundation,Camp Shelby Forest Carbon Project,Forest,MS,21319,Eco Partners,https://www.epcarbon.com/,Hattiesburg,MS
36,"California Timberlands 2, LLC",Cappell Creek Improved Forest Management Project,Forest,CA,367438,California Timberlands,0,Mettah,CA
40,"Camco International Group, Inc.",Central Sands Dairy LLC,Livestock,WI,52407,California Timberlands,0,Nekoosa ,WI
60,"Central Sands Dairy, LLC","Central Sands Dairy, LLC",Livestock,WI,61789,California Timberlands,0,Nekoosa ,WI
5,"3Degrees Group, Inc.",Clean Fuel Partners Dane County Biodigester,Livestock,WI,17208,3Degrees,https://3degreesinc.com/,Dane,WI
61,ClimeCo Corporation,ClimeCo ODS Destruction 16 and 17,ODS,OH,245946,ClimeCo,https://climeco.com/,Bowling Green,OH
62,ClimeCo Corporation,ClimeCo ODS Destruction 18 and 19,ODS,OH,226896,ClimeCo,https://climeco.com/,Bowling Green,OH
63,ClimeCo Corporation,ClimeCo ODS Destruction 20,ODS,OH,72606,ClimeCo,https://climeco.com/,Bowling Green,OH
64,ClimeCo Corporation,ClimeCo ODS Destruction 21,ODS,OH,140452,ClimeCo,https://climeco.com/,Bowling Green,OH
65,ClimeCo Corporation,ClimeCo ODS Destruction 22,ODS,OH,53956,ClimeCo,https://climeco.com/,Bowling Green,OH
66,ClimeCo Corporation,ClimeCo ODS Destruction 23,ODS,OH,44681,ClimeCo,https://climeco.com/,Bowling Green,OH
67,ClimeCo Corporation,ClimeCo ODS Destruction 24,ODS,OH,56727,ClimeCo,https://climeco.com/,Bowling Green,OH
68,ClimeCo Corporation,ClimeCo ODS Destruction 25,ODS,OH,71572,ClimeCo,https://climeco.com/,Bowling Green,OH
69,ClimeCo Corporation,ClimeCo ODS Destruction 26,ODS,OH,123703,ClimeCo,https://climeco.com/,Bowling Green,OH
70,ClimeCo Corporation,ClimeCo ODS Destruction 27,ODS,OH,50473,ClimeCo,https://climeco.com/,Bowling Green,OH
71,ClimeCo Corporation,ClimeCo ODS Destruction 28,ODS,OH,58745,ClimeCo,https://climeco.com/,Bowling Green,OH
72,ClimeCo Corporation,ClimeCo ODS Destruction 29,ODS,OH,97696,ClimeCo,https://climeco.com/,Bowling Green,OH
73,ClimeCo Corporation,ClimeCo ODS Destruction 30,ODS,OH,140146,ClimeCo,https://climeco.com/,Bowling Green,OH
74,ClimeCo Corporation,ClimeCo ODS Destruction 31,ODS,OH,56139,ClimeCo,https://climeco.com/,Bowling Green,OH
289,"Peabody Natural Gas, LLC",Coal Mine Methane Capture and Use Project at the North Antelope Rochelle Coal Mine Complex,MMC,WY,1072724,Peabody Natural Gas,https://www.peabodyenergy.com/,,WY
90,"Congaree River, LLC, an Illinois LLC",Congaree River,Forest,CA,117216,Congaree River,0,Mendocino,CA
92,"Coolgas, Inc.",Coolgas 2015-3,ODS,OH,108622,A-Gas,https://www.agas.com/,Bowling Green,OH
93,"Coolgas, Inc.",Coolgas 2016-1,ODS,OH,145594,A-Gas,https://www.agas.com/,Bowling Green,OH
94,"Coolgas, Inc.",Coolgas 2016-3,ODS,OH,133239,A-Gas,https://www.agas.com/,Bowling Green,OH
95,"Coolgas, Inc.",Coolgas 2016-4,ODS,OH,96564,A-Gas,https://www.agas.com/,Bowling Green,OH
96,"Coolgas, Inc.",Coolgas 2017-5,ODS,AR,50793,A-Gas,https://www.agas.com/,El Dorado,AR
97,"Coolgas, Inc.",Coolgas 2017-7,ODS,OH,33184,A-Gas,https://www.agas.com/,Bowling Green,OH
98,"Coolgas, Inc.",Coolgas 2018-6,ODS,OH,60855,A-Gas,https://www.agas.com/,Bowling Green,OH
99,"Coolgas, Inc.",Coolgas 2019-2,ODS,OH,113564,A-Gas,https://www.agas.com/,Bowling Green,OH
100,"Coolgas, Inc.",Coolgas ODS 2013 Project #1,ODS,OH,108627,A-Gas,https://www.agas.com/,Bowling Green,OH
101,"Coolgas, Inc.",Coolgas US ODS Project 1,ODS,AR,197988,A-Gas,https://www.agas.com/,El Dorado,AR
102,"Coolgas, Inc.",Coolgas US ODS Project 2,ODS,OH,163884,A-Gas,https://www.agas.com/,Bowling Green,OH
242,"Keyrock Energy, LLC",Corinth Abandoned Mine Methane Recovery Project,MMC,IL,1189749,Keyrock Energy Inc,0,Thompsonville,IL
200,"Gallo Cattle Company, A Limited Partnership",Cottonwood Dairy Livestock Gas Capture Project,Livestock,CA,58567,Gallo Cattle Company,,Atwater,CA
214,Grey K Trading Limited,Cottonwood Dairy Livestock Gas Capture Project,Livestock,CA,44675,Grey K Trading,,Atwater,CA
7,"3Degrees Group, LLC",Cow Poo Digester,Livestock,WI,7781,"Cow Poo, LLC",0,Alma Center,WI
142,Environmental Credit Corp.,Coyne Farms,Livestock,NY,2314,ClimeCo,https://climeco.com/,Avon ,NY
104,"CSE Operating 1, LLC",CSE Arizona Facility,Livestock,AZ,9635,Center for Sustainable Energy,https://energycenter.org/,Buckeye,AZ
105,"CSE Operating I, LLC",CSE Arizona Facility,Livestock,AZ,59179,Center for Sustainable Energy,https://energycenter.org/,Buckeye,AZ
106,"CSE Operating I, LLC",CSE AZ Facility I,Livestock,AZ,21814,Center for Sustainable Energy,https://energycenter.org/,Maricopa,AZ
110,"Dairy Dreams, LLC",Dairy Dreams,Livestock,WI,65164,Native Energy,https://nativeenergy.com/,Green Bay,WI
111,"Dairy Dreams, LLC",Dairy Dreams Methane Reduction Project,Livestock,WI,65369,Native Energy,https://nativeenergy.com/,Green Bay,WI
438,"WTE Dairyland, LLC",Dairyland Digester,Livestock,WI,139273,WTE Dairies,0,Green Bay,WI
439,"WTE Deer Run, LLC",Deer Run Digester,Livestock,WI,41897,WTE Dairies,0,Kewaunee,WI
41,"Camco International Group, Inc.",District 45 Dairy,Livestock,MN,57676,Camco International,https://www.camco.energy/,Hancock,MN
343,"Riverview, LLP",District 45 Dairy,Livestock,MN,59593,Camco International,https://www.camco.energy/,Hancock,MN
14,"Ag Power Jerome, LLC",Double A Dairy,Livestock,ID,227049,Camco International,https://www.camco.energy/,Jerome ,ID
42,"Camco International Group, Inc.",Double A Dairy,Livestock,ID,131435,Camco International,https://www.camco.energy/,Jerome ,ID
116,"Diversified Pure Chem, LLC",DPC Domestic ODS Destruction Project #11,ODS,AR,80612,Camco International,https://www.camco.energy/,El Dorado,AR
117,"Diversified Pure Chem, LLC",DPC Domestic ODS Destruction Project #12,ODS,AR,38517,Camco International,https://www.camco.energy/,El Dorado,AR
118,"Diversified Pure Chem, LLC",DPC Domestic ODS Destruction Project #13,ODS,AR,53490,Camco International,https://www.camco.energy/,El Dorado,AR
119,"Diversified Pure Chem, LLC",DPC Domestic ODS Destruction Project #14,ODS,AR,23276,Camco International,https://www.camco.energy/,El Dorado,AR
120,"Diversified Pure Chem, LLC",DPC Domestic ODS Destruction Project #15,ODS,AR,46275,Camco International,https://www.camco.energy/,El Dorado,AR
121,"Diversified Pure Chem, LLC",DPC Domestic ODS Destruction Project #16,ODS,AR,24874,Camco International,https://www.camco.energy/,El Dorado,AR
122,"Diversified Pure Chem, LLC",DPC Domestic ODS Destruction Project #17,ODS,AR,30587,Camco International,https://www.camco.energy/,El Dorado,AR
123,"Diversified Pure Chem, LLC",DPC Domestic ODS Destruction Project #19,ODS,AR,99696,Camco International,https://www.camco.energy/,El Dorado,AR
124,"Diversified Pure Chem, LLC",DPC Domestic ODS Destruction Project #20,ODS,AR,17848,Camco International,https://www.camco.energy/,El Dorado,AR
125,"Diversified Pure Chem, LLC",DPC Domestic ODS Destruction Project #21,ODS,OH,128161,Camco International,https://www.camco.energy/,Bowling Green,OH
126,"Diversified Pure Chem, LLC",DPC Domestic ODS Destruction Project #22,ODS,OH,130995,Camco International,https://www.camco.energy/,Bowling Green,OH
127,"Diversified Pure Chem, LLC",DPC Domestic ODS Destruction Project #23,ODS,OH,22548,Camco International,https://www.camco.energy/,Bowling Green,OH
128,"Diversified Pure Chem, LLC",DPC Domestic ODS Destruction Project #25,ODS,OH,101950,Camco International,https://www.camco.energy/,Bowling Green,OH
129,"Diversified Pure Chem, LLC",DPC Domestic ODS Destruction Project #26,ODS,OH,110990,Camco International,https://www.camco.energy/,Bowling Green,OH
130,"Diversified Pure Chem, LLC",DPC Domestic ODS Destruction Project #27,ODS,OH,54382,Camco International,https://www.camco.energy/,Bowling Green,OH
131,"Diversified Pure Chem, LLC",DPC Domestic ODS Destruction Project #28,ODS,OH,55471,Camco International,https://www.camco.energy/,Bowling Green,OH
132,"Diversified Pure Chem, LLC",DPC Domestic ODS Destruction Project #30,ODS,OH,51298,Camco International,https://www.camco.energy/,Bowling Green,OH
133,"Diversified Pure Chem, LLC",DPC Domestic ODS Destruction Project #8,ODS,AR,45156,Camco International,https://www.camco.energy/,El Dorado,AR
146,Environmental Credit Corp.,ECC ODS Destruction 11-2013,ODS,AR,113438,ClimeCo,https://www.camco.energy/,El Dorado,AR
148,Environmental Credit Corp.,ECC ODS Destruction 2012,ODS,AR,306517,ClimeCo,https://climeco.com/,El Dorado,AR
149,Environmental Credit Corp.,ECC ODS Destruction 2013,ODS,AR,255227,ClimeCo,https://climeco.com/,El Dorado,AR
147,Environmental Credit Corp.,ECC ODS Destruction 2-2014,ODS,AR,126314,ClimeCo,https://climeco.com/,El Dorado,AR
143,Environmental Credit Corp.,ECC-ODS-CA-002,ODS,AR,27951,ClimeCo,https://climeco.com/,El Dorado,AR
144,Environmental Credit Corp.,ECC-ODS-PA-001,ODS,AR,310672,ClimeCo,https://climeco.com/,El Dorado,AR
145,Environmental Credit Corp.,ECC-ODS-PA-003,ODS,AR,350673,ClimeCo,https://climeco.com/,El Dorado,AR
43,"Camco International Group, Inc.","Edaleen Cow Power, LLC",Livestock,WA,16901,Camco International,https://www.camco.energy/,Bellingham ,WA
137,"Edaleen Cow Power, LLC","Edaleen Cow Power, LLC",Livestock,WA,32952,Camco International,https://www.camco.energy/,Bellingham ,WA
270,"North Fork Energy, LLC",Elk Creek Coal Mine Methane Destruction & Utilization Project,MMC,CO,266263,Vessels Coal Inc,vesselscoalgas.com/,Somerset,CO
415,"Vessels Coal Gas, Inc.",Elk Creek Coal Mine Methane Destruction & Utilization Project,MMC,CO,432609,Vessels Coal Inc,vesselscoalgas.com/,Somerset,CO
271,"North Fork Energy, LLC",Elk Creek Permit Area Abandoned Mine Project,MMC,CO,534677,Vessels Coal Inc,vesselscoalgas.com/,Somerset,CO
162,EOS Climate Inc.,EOS ACR 2013,ODS,AR,249025,Blue Source,http://www.bluesource.com/,El Dorado,AR
169,"EOS Climate, Inc.",EOS ACR 213,ODS,OH,127664,Blue Source,http://www.bluesource.com/,Bowling Green,OH
170,"EOS Climate, Inc.",EOS ACR 214,ODS,OH,145580,Blue Source,http://www.bluesource.com/,Bowling Green,OH
171,"EOS Climate, Inc.",EOS ACR 240,ODS,OH,129700,Blue Source,http://www.bluesource.com/,Bowling Green,OH
172,"EOS Climate, Inc.",EOS ACR 252,ODS,OH,140736,Blue Source,http://www.bluesource.com/,Bowling Green,OH
173,"EOS Climate, Inc.",EOS ACR 253,ODS,OH,135017,Blue Source,http://www.bluesource.com/,Bowling Green,OH
174,"EOS Climate, Inc.",EOS ACR 271,ODS,OH,124882,Blue Source,http://www.bluesource.com/,Bowling Green,OH
175,"EOS Climate, Inc.",EOS ACR 285,ODS,AR,45663,Blue Source,http://www.bluesource.com/,El Dorado,AR
176,"EOS Climate, Inc.",EOS ACR 311,ODS,AR,107264,Blue Source,http://www.bluesource.com/,Clean Harbors,AR
177,"EOS Climate, Inc.",EOS ACR 312,ODS,AR,140871,Blue Source,http://www.bluesource.com/,El Dorado,AR
178,"EOS Climate, Inc.",EOS ACR 315,ODS,OH,86839,Blue Source,http://www.bluesource.com/,Bowling Green,OH
179,"EOS Climate, Inc.",EOS ACR 316,ODS,AR,104897,Blue Source,http://www.bluesource.com/,El Dorado,AR
180,"EOS Climate, Inc.",EOS ACR 351,ODS,AR,28562,Blue Source,http://www.bluesource.com/,El Dorado,AR
181,"EOS Climate, Inc.",EOS ACR 352,ODS,AR,68637,Blue Source,http://www.bluesource.com/,El Dorado,AR
182,"EOS Climate, Inc.",EOS ACR 356,ODS,AR,110720,Blue Source,http://www.bluesource.com/,El Dorado,AR
183,"EOS Climate, Inc.",EOS ACR 357,ODS,AR,84131,Blue Source,http://www.bluesource.com/,El Dorado,AR
184,"EOS Climate, Inc.",EOS ACR 358,ODS,AR,60749,Blue Source,http://www.bluesource.com/,El Dorado,AR
185,"EOS Climate, Inc.",EOS ARB ODS 2013-1,ODS,AR,107542,Blue Source,http://www.bluesource.com/,El Dorado,AR
163,EOS Climate Inc.,EOS ARB ODS 2013-2,ODS,AR,55996,Blue Source,http://www.bluesource.com/,El Dorado,AR
186,"EOS Climate, Inc.",EOS ARB ODS 2013-3,ODS,AR,122800,Blue Source,http://www.bluesource.com/,El Dorado,AR
187,"EOS Climate, Inc.",EOS ARB ODS 2013-5,ODS,AR,126155,Blue Source,http://www.bluesource.com/,El Dorado,AR
188,"EOS Climate, Inc.",EOS ARB ODS 2013-6,ODS,AR,51864,Blue Source,http://www.bluesource.com/,El Dorado,AR
189,"EOS Climate, Inc.",EOS ARB ODS 2013-7,ODS,AR,84418,Blue Source,http://www.bluesource.com/,El Dorado,AR
190,"EOS Climate, Inc.",EOS ARB ODS 2013-8,ODS,AR,67490,Blue Source,http://www.bluesource.com/,El Dorado,AR
191,"EOS Climate, Inc.",EOS ARB ODS 2014-1,ODS,AR,122080,Blue Source,http://www.bluesource.com/,El Dorado,AR
192,"EOS Climate, Inc.",EOS ARB ODS 2014-2,ODS,AR,33214,Blue Source,http://www.bluesource.com/,El Dorado,AR
193,"EOS Climate, Inc.",EOS CAR 1074,ODS,AR,57134,Blue Source,http://www.bluesource.com/,El Dorado,AR
165,"EOS Climate, Inc.",EOS-2013 Domestic,ODS,AR,366729,Blue Source,http://www.bluesource.com/,El Dorado,AR
166,"EOS Climate, Inc.",EOS-CAR2011 Domestic,ODS,AR,648454,Blue Source,http://www.bluesource.com/,El Dorado,AR
167,"EOS Climate, Inc.",EOS-CAR2012 Domestic,ODS,AR,902665,Blue Source,http://www.bluesource.com/,El Dorado,AR
168,"EOS Climate, Inc.",EOS-JA-09-01,ODS,AR,1017016,Blue Source,http://www.bluesource.com/,El Dorado,AR
44,"Camco International Group, Inc.","Fair Oaks Dairy Farm, LLC Cyclus-Designed Digester",Livestock,IN,17377,Fair Oaks Dairy,https://fofarms.com/,Fair Oaks,IN
194,"Fair Oaks Dairy Farm, LLC","Fair Oaks Dairy Farm, LLC Cyclus-Designed Digester",Livestock,IN,7421,Camco International,https://www.camco.energy/,Fair Oaks,IN
45,"Camco International Group, Inc.","Fair Oaks Dairy Farm, LLC GHD-Designed Digester",Livestock,IN,153828,Fair Oaks Dairy,https://fofarms.com/,Fair Oaks,IN
195,"Fair Oaks Dairy Farm, LLC","Fair Oaks Dairy Farm, LLC GHD-Designed Digester",Livestock,IN,124658,Camco International,https://www.camco.energy/,Fair Oaks,IN
196,"Farm Power Northwest, LLC",Farm Power Lynden Anaerobic Digester,Livestock,WA,51336,Farm Power Lynden,https://www.farmpower.com/,Lynden,WA
369,The Climate Trust,Farm Power Lynden Anaerobic Digester,Livestock,WA,10426,The Climate Trust,https://climatetrust.org/,Lynden,WA
150,Environmental Credit Corp.,Fessenden Dairy,Livestock,NY,2027,The Climate Trust,https://climatetrust.org/,King Ferry,NY
16,"Ahtna, Incorporated",Finite Carbon – Ahtna Native Alaskan IFM,Forest,AK,14861093,Finite Carbon,https://www.finitecarbon.com/,Glennallen,AK
27,"Berry Summit, LLC",Finite Carbon – Berry Summit,Forest,CA,239205,Finite Carbon,https://www.finitecarbon.com/,Willow Creek ,CA
28,"Berry Summit, LLC",Finite Carbon – Berry Summit IFM,Forest,CA,4343,Finite Carbon,https://www.finitecarbon.com/,Willow Creek ,CA
46,"Camco International Group, Inc.",Finite Carbon – Brosnan Forest,Forest,SC,325897,Finite Carbon,https://www.finitecarbon.com/,Charleston,SC
269,Norfolk Southern Railway Company,Finite Carbon – Brosnan Forest,Forest,SC,28408,Finite Carbon,https://www.finitecarbon.com/,Charleston,SC
88,Confederated Tribes of the Colville Reservation,Finite Carbon – Colville IFM,Forest,WA,14357787,Finite Carbon,https://www.finitecarbon.com/,Nespelem,WA
240,"Jackson Timberland Opportunities-Champion, LLC",Finite Carbon – JTO Champion Property IFM,Forest,NY,240551,Finite Carbon,https://www.finitecarbon.com/,Tupper Lake,NY
205,"GLS Woodlands, LLC",Finite Carbon – Lyme Grand Lakes Stream IFM,Forest,ME,599217,Finite Carbon,https://www.finitecarbon.com/,Somerset,ME
249,"Massachusetts Audubon Society, Inc.",Finite Carbon – Massachusetts Audubon Society IFM,Forest,MA,811941,Finite Carbon,https://www.finitecarbon.com/,Worcester,MA
103,"Corrigan TLP, LLC",Finite Carbon – Molpus Ataya IFM,Forest,TN,3189873,Finite Carbon,https://www.finitecarbon.com/,Campbell,TN
109,"Cumberland Forest, LP",Finite Carbon – Molpus Ataya IFM,Forest,TN,115662,Finite Carbon,https://www.finitecarbon.com/,Campbell,TN
262,"MWF Adirondacks, LLC",Finite Carbon – MWF Adirondacks IFM,Forest,NY,1144733,Finite Carbon,https://www.finitecarbon.com/,Northville,NY
263,"MWF Brimstone Forest Company, LLC",Finite Carbon – MWF Brimstone IFM,Forest,TN,43666,Finite Carbon,https://www.finitecarbon.com/,Shakopee,TN
264,"MWF Brimstone Forest Company, LLC",Finite Carbon – MWF Brimstone IFM Project I,Forest,TN,252512,Finite Carbon,https://www.finitecarbon.com/,Shakopee,TN
267,New England Forestry Foundation,Finite Carbon – NEFF,Forest,NH,69051,Finite Carbon,https://www.finitecarbon.com/,Concord,NH
288,Passamaquoddy Joint Tribal Council,Finite Carbon – Passamaquoddy Tribe IFM,Forest,ME,4076024,Finite Carbon,https://www.finitecarbon.com/,Somerset,ME
296,"Potlatch Forest Holdings, Inc.",Finite Carbon – Potlatch Moro Big Pine CE,Forest,AR,279456,Finite Carbon,https://www.finitecarbon.com/,Hampton,AR
297,"Potlatch Forest Holdings, Inc.",Finite Carbon – Potlatch Moro Big Pine CE IFM,Forest,AR,70663,Finite Carbon,https://www.finitecarbon.com/,Hampton,AR
298,"PotlatchDeltic Forest Holdings, Inc.",Finite Carbon – Potlatch Moro Big Pine CE IFM,Forest,AR,54193,Finite Carbon,https://www.finitecarbon.com/,Hampton,AR
351,"Rowland Land Company, LLC",Finite Carbon – Rowland IFM,Forest,WV,1925589,Finite Carbon,https://www.finitecarbon.com/,,WV
353,Sealaska Corporation,Finite Carbon – Sealaska Native Alaskan IFM,Forest,AK,11410748,Finite Carbon,https://www.finitecarbon.com/,Juneau,AK
354,"Shannondale Carbon, LLC",Finite Carbon – Shannondale Tree Farm,Forest,MO,NA,Finite Carbon,https://www.finitecarbon.com/,Shannondale,MO
368,"Tennessee River Gorge Trust, Inc.",Finite Carbon – Tennessee River Gorge Trust,Forest,TN,369828,Finite Carbon,https://www.finitecarbon.com/,Chattanooga,TN
218,Heartwood Forestland Fund III,Finite Carbon – The Forestland Group Champion Property,Forest,NY,166918,Finite Carbon,https://www.finitecarbon.com/,Franklin,NY
219,Heartwood Forestland Fund III,Finite Carbon – The Forestland Group Champion Property IFM,Forest,NY,861342,Finite Carbon,https://www.finitecarbon.com/,Franklin,NY
91,Connecticut Lakes Realty Trust,Finite Carbon – The Forestland Group CT Lakes,Forest,NH,1865335,Finite Carbon,https://www.finitecarbon.com/,Coos County,NH
221,"Heartwood Forestland Fund IV, Limited Partnership",Finite Carbon – The Forestland Group Highlands IFM,Forest,VA,3390253,Finite Carbon,https://www.finitecarbon.com/,Nora,VA
405,"Upper Hudson Woodlands ATP, LP",Finite Carbon – Upper Hudson Woodlands ATP IFM,Forest,NY,1521678,Finite Carbon,https://www.finitecarbon.com/,Warrensburg,NY
134,Downeast Lakes Land Trust,Finite Carbon Farm Cove Community Forest Project,Forest,ME,284043,Finite Carbon,https://www.finitecarbon.com/,Grand Lake Stream,ME
20,"AMC Maine Woods Initiative, LLC",Finite Carbon-AMC Silver Lake IFM,Forest,ME,172304,Finite Carbon,https://www.finitecarbon.com/,Greenville,ME
197,"Fiscalini Properties, L.P.",Fiscalini Farms Anaerobic Digester,Livestock,CA,NA,Fiscalini Properties,0,Modesto,CA
26,Berea College,Forest Carbon Partners - Berea College Improved Forest Management Project,Forest,KY,375885,Forest Carbon Partners,http://newforests.com.au/forests-carbon-partners/,Berea,KY
138,"Eddie Ranch Properties, LLC",Forest Carbon Partners - Eddie Ranch Improved Forest Management Project,Forest,CA,274971,Forest Carbon Partners,http://newforests.com.au/forests-carbon-partners/,Mendocino,CA
206,GM Gabrych Family Limited Partnership,Forest Carbon Partners - Gabrych Ranch Improved Forest Management Project,Forest,CA,287077,Forest Carbon Partners,http://newforests.com.au/forests-carbon-partners/,Eureka,CA
348,Ronald Glass,Forest Carbon Partners - Glass Ranch Improved Forest Management Project,Forest,CA,270943,Forest Carbon Partners,http://newforests.com.au/forests-carbon-partners/,Eureka,CA
255,Mescalero Apache Tribe,Forest Carbon Partners - Mescalero Apache Tribe Improved Forest Management Project,Forest,NM,4417068,Forest Carbon Partners,http://newforests.com.au/forests-carbon-partners/,Mescalero,NM
372,The Conservation Fund,Garcia River Forest,Forest,CA,315573,The Conservation Fund,https://www.conservationfund.org/,Mendocino,CA
373,The Conservation Fund,Garcia River Forest - ARB,Forest,CA,432865,The Conservation Fund,https://www.conservationfund.org/,Mendocino,CA
47,"Camco International Group, Inc.",Gardeau Crest Dairy,Livestock,NY,22054,Camco International,https://www.camco.energy/,Castile,NY
201,"Gardeau Crest Farms, LLC",Gardeau Crest Dairy,Livestock,NY,56187,Camco International,https://www.camco.energy/,Castile,NY
202,George DeRuyter and Sons Dairy LLC,George DeRuyter and Sons Dairy Methane Reduction Project,Livestock,WA,28932,GJ TeVelde Ranch,0,Tulare ,CA
203,"GJ TeVelde Ranch Energy, LLC",GJ TeVelde Ranch Dairy Digester,Livestock,CA,27942,GJ TeVelde Ranch,0,Tulare ,CA
108,"CTB Timberland Properties, LLC",Green Assets - BJT Avoided Conversion Project,Forest,GA,277889,Green Assets,https://www.green-assets.com/,Atlanta,GA
226,Holland M. Ware Charitable Foundation,Green Assets - HMWCF-I Avoided Conversion Project,Forest,GA,1735693,Green Assets,https://www.green-assets.com/,Lagrange,GA
227,Holland M. Ware Charitable Foundation,Green Assets - HMWCF-II Avoided Conversion Project,Forest,FL,617687,Green Assets,https://www.green-assets.com/,Crestview,FL
244,"Lukens Island Timber Enterprises, LLC",Green Assets - Lukens Avoided Conversion Project,Forest,NC,258814,Green Assets,https://www.green-assets.com/,Lukens Island,NC
258,"Middleton Place, LLC",Green Assets – Middleton Avoided Conversion,Forest,SC,285687,Green Assets,https://www.green-assets.com/,Charleston,SC
259,"Middleton Place, LLC",Green Assets – Middleton Avoided Conversion Project,Forest,SC,227045,Green Assets,https://www.green-assets.com/,Charleston,SC
260,"Milbury Plantation, LLC",Green Assets - Milbury Avoided Conversion Project,Forest,SC,1066037,Green Assets,https://www.green-assets.com/,Allendale,SC
34,Brookgreen Gardens,Green Assets-Brookgreen Gardens Improved Forest Management Project,Forest,SC,201277,Green Assets,https://www.green-assets.com/,Garden City,SC
212,Green Diamond Resource Company,Green Diamond Resource Company Klamath East IFM,Forest,OR,515979,Green Diamond Resource Company,https://www.greendiamond.com/,Klamath Falls,OR
211,Green Diamond Resource Company,Green Diamond Resource Company-Klamath West IFM,Forest,OR,NA,Green Diamond Resource Company,https://www.greendiamond.com/,Klamath Falls,OR
48,"Camco International Group, Inc.",Green Meadow Farm,Livestock,MI,4565,Camco International,https://www.camco.energy/,Elsie,MI
359,"Solvay Chemicals, Inc.",Green River Trona Mine Methane Destruction and Utilization Project,MMC,WY,498654,Solvay Chemicals Inc.,https://www.solvay.us/en/index.html,Green River,WY
278,Origin Climate Inc. (formerly TerraPass Inc.),Green Valley Dairy,Livestock,WI,28663,3Degrees,https://3degreesinc.com/,Krakow,WI
281,"Origin Climate, Inc.",Green Valley Dairy,Livestock,WI,18641,3Degrees,https://3degreesinc.com/,Krakow,WI
213,"Green Valley Dairy, LLC",Green Valley Dairy Methane Reduction Project,Livestock,WI,66954,3Degrees,https://3degreesinc.com/,Krakow,WI
253,"Mendocino Redwood Company, LLC",Greenwood Creek,Forest,CA,331816,Mendocino Redwood Company,https://www.hrcllc.com/,Mendocino,CA
1,"3 Degrees Group, Inc.",Greenwood Dairy Anaerobic Digester,Livestock,NY,15735,3Degrees,https://3degreesinc.com/,Canton,NY
215,"Grotegut Dairy Farm, Inc.","Grotegut Dairy Farm, Inc.",Livestock,WI,43865,Terrapass,https://www.terrapass.com/,Newton,WI
374,The Conservation Fund,Gualala River Forest,Forest,CA,414346,The Conservation Fund,https://www.conservationfund.org/,Mendocino,CA
375,The Conservation Fund,Gualala River Forest – ARB,Forest,CA,292013,The Conservation Fund,https://www.conservationfund.org/,Mendocino,CA
216,Hanes Ranch Inc.,Hanes Ranch Forest Carbon Project,Forest,CA,20102,Forest Carbon Partners,http://newforests.com.au/forests-carbon-partners/,Mendocino,CA
217,Hanes Ranch Incorporated,Hanes Ranch Forest Carbon Project,Forest,CA,107214,Forest Carbon Partners,http://newforests.com.au/forests-carbon-partners/,Mendocino,CA
151,Environmental Credit Corp.,Herrema Dairy,Livestock,IN,19480,ClimeCo,https://climeco.com/,Fair Oaks,IN
152,Environmental Credit Corp.,Hidden View Dairy,Livestock,IN,36730,ClimeCo,https://climeco.com/,Rensselaer,IN
114,"Davis Family Dairies, LLC",High Island Dairy,Livestock,MN,67433,High Island Dairy,0,Le Sueur,MN
254,"Mendocino Redwood Company, LLC",Hollow Tree,Forest,CA,985152,Mendocino Redwood Company,https://www.hrcllc.com/,Mendocino,CA
228,"Holsum Dairies, LLC",Holsum Elm,Livestock,WI,48567,Holsum Dairies,www.holsumdairies.com/,Chilton,WI
229,"Holsum Dairies, LLC",Holsum Elm Dairy,Livestock,WI,48481,Holsum Dairies,www.holsumdairies.com/,Chilton,WI
230,"Holsum Dairies, LLC",Holsum Irish Dairy,Livestock,WI,72657,Holsum Dairies,www.holsumdairies.com/,Chilton,WI
2,"3 Degrees Group, Inc.",Homestead Green Energy,Livestock,IN,6721,3Degrees,https://3degreesinc.com/,Plymouth,IN
6,"3Degrees Group, Inc.",Homestead Green Energy,Livestock,IN,5491,3Degrees,https://3degreesinc.com/,Plymouth,IN
282,"Origin Climate, Inc.",Homestead Green Energy,Livestock,IN,11533,3Degrees,https://3degreesinc.com/,Plymouth,IN
231,"Honeywell International, Inc.",Honeywell ODS Destruction Project,ODS,AR,128072,Honeywell Refridgerants,,El Dorado,AR
273,Northeast Wilderness Trust,Howland Research Forest,Forest,ME,48852,Northeast Wilderness Trust,www.newildernesstrust.org/wild-carbon/mitigation/,Penobscot,ME
232,Hudson Technologies Company,Hudson Tech 2018-1,ODS,OH,21967,Hudson Technologies,https://www.hudsontech.com/,Bowling Green,OH
233,Hudson Technologies Company,Hudson Tech 2019-1,ODS,OH,54157,Hudson Technologies,https://www.hudsontech.com/,Bowling Green,OH
234,Hudson Technologies Company,Hudson Tech 2019-2,ODS,OH,44551,Hudson Technologies,https://www.hudsontech.com/,Bowling Green,OH
235,Hudson Technologies Company,Hudson Tech 2019-4,ODS,OH,73462,Hudson Technologies,https://www.hudsontech.com/,Bowling Green,OH
236,Hudson Technologies Company,Hudson Tech 2019-5,ODS,OH,58918,Hudson Technologies,https://www.hudsontech.com/,Bowling Green,OH
237,Huron Mountain Club,Huron Mountain Club Forest Carbon Project,Forest,MI,1342730,Huron Mountain Club,https://huronmountainclub.org/,Marquette,MI
238,"Ideal Family Farms, LLC",Ideal Family Farms Digester Project,Livestock,PA,12930,Ideal Family Farms,,Beavertown,PA
241,"JMA Farms, LLC",Ideal Family Farms Digester Project,Livestock,PA,8112,Ideal Family Farms,,Beavertown,PA
239,"Irony, LLC",Irony,ODS,OH,8330,"Irony, LLC",0,Bowling Green,OH
3,"3 Degrees Group, Inc.",Kettle Butte Digester,Livestock,ID,48894,3Degrees,https://3degreesinc.com/,Idaho Falls,ID
283,"Origin Climate, Inc.",Kettle Butte Digester,Livestock,ID,19666,3Degrees,https://3degreesinc.com/,Idaho Falls,ID
243,"Lamb Farms, Inc.",Lambs Dairy Digester,Livestock,NY,29203,Lamb Dairy Digesters,0,Oakfield,NY
107,"CSE Operating II, LLC",Linde,Livestock,SD,2975,Center for Sustainable Energy,https://energycenter.org/,White,SD
37,"California Timberlands 2, LLC",Lord Ellis Improved Forest Management Project,Forest,CA,353052,California Timberlands,,Fernwood,CA
246,"Mailliard Ranch, a California limited partnership",Mailliard Ranch,Forest,CA,1025509,The Conservation Fund,https://www.conservationfund.org/,Eureka,CA
247,"Maple Leaf Dairy, Inc.",Maple Leaf Dairy East,Livestock,WI,25013,Maple Leaf Dairy,0,Manitowoc,WI
248,"Maple Leaf Dairy, Inc.",Maple Leaf Dairy West,Livestock,WI,61474,Maple Leaf Dairy,0,Manitowoc,WI
252,"McElroy Green Marketing, LLC",Marshall County VAM Abatement Project,MMC,WV,495758,McElroy Green Marketing,,Glen Easton,WV
24,"Bascom Pacific, LLC",McCloud River,Forest,CA,265791,Blue Source,http://www.bluesource.com/,Castella,CA
153,Environmental Credit Corp.,Miedema Dairy,Livestock,OH,3668,ClimeCo,https://climeco.com/,Circleville,OH
140,Edward Miller Trust,Miller Forest,Forest,CA,300993,Edward Miller Trust,0,Willow Creek ,CA
261,"Montesol, LLC",Montesol - Forest Carbon Partners Improved Forest Management Project,Forest,CA,215440,Forest Carbon Partners,http://newforests.com.au/forests-carbon-partners/,Napa,CA
8,"3Degrees Group, LLC",New Energy One Livestock Project,Livestock,ID,33297,New Energy One,,Twin Falls,ID
266,"New Energy One, LLC",New Energy One Livestock Project,Livestock,ID,192984,New Energy One,,Twin Falls,ID
274,Northeast Wilderness Trust,New Forests' Forest Carbon Partners – Northeast Wilderness Trust – Howland Research Forest,Forest,ME,7762,Northeast Wilderness Trust,www.newildernesstrust.org/wild-carbon/mitigation/,Penobscot,ME
276,"Open Sky Ranch, Inc.",Open Sky Ranch Dairy Digester,Livestock,CA,62741,Open Sky Ranch Dairy,0,Fresno ,CA
286,"Pacific Rim Energy, LLC",Pacific Rim Dairy Digester,Livestock,CA,69292,Pacific Rim,0,Tulare ,CA
284,"Origin Climate, Inc.",Pagel’s Ponderosa Dairy,Livestock,WI,9000,3Degrees,https://3degreesinc.com/,Kewaunee,WI
279,Origin Climate Inc. (formerly TerraPass Inc.),Pagel's Ponderosa Dairy,Livestock,WI,26876,3Degrees,https://3degreesinc.com/,Kewaunee,WI
287,"Pagel's Ponderosa Dairy, LLC",Pagel's Ponderosa Dairy Methane Reduction Project,Livestock,WI,70109,3Degrees,https://3degreesinc.com/,Kewaunee,WI
154,Environmental Credit Corp.,Patterson Farms,Livestock,NY,7682,ClimeCo,https://climeco.com/,Auburn,NY
75,ClimeCo Corporation,Patterson Farms COP,Livestock,NY,18283,ClimeCo,https://climeco.com/,Auburn,NY
299,"Pure Chem Separation, LP",PCS Domestic ODS Destruction Project #6,ODS,AR,328872,A-Gas,https://www.agas.com/,El Dorado,AR
300,"Pure Chem Separation, LP",PCS Domestic ODS Destruction Project #7,ODS,AR,72653,A-Gas,https://www.agas.com/,El Dorado,AR
290,"Perfect Score Technologies, LLC",Perfect Cycle ODS-1,ODS,OH,52500,Perfect Score Technologies,www.perfectscore.com/,Bowling Green,OH
291,"Perfect Score Technologies, LLC",Perfect Cycle ODS-2,ODS,OH,42233,Perfect Score Technologies,www.perfectscore.com/,Bowling Green,OH
292,"Perfect Score Technologies, LLC",Perfect Cycle ODS-3,ODS,OH,52930,Perfect Score Technologies,www.perfectscore.com/,Bowling Green,OH
293,"Perfect Score Too, LTD",Perfect Cycle ODS-4,ODS,OH,65097,Perfect Score Technologies,www.perfectscore.com/,Bowling Green,OH
441,Yurok Tribe,Phase 1 Sustainable Forest Project,Forest,CA,548363,Forest Carbon Partners,http://newforests.com.au/forests-carbon-partners/,Eureka,CA
295,"Pixley Biogas, LLC","Pixley Biogas, LLC",Livestock,CA,22375,Pixley Biogas,0,Pixley,CA
4,"3 Degrees Group, Inc.",Port of Tillamook Bay Regional Anaerobic Digester,Livestock,OR,20133,A-Gas,https://www.agas.com/,Tillamook,OR
301,"Pure Chem Separation, LP",Pure Chem Domestic ODS Destruction Project #2,ODS,AR,27437,A-Gas,https://www.agas.com/,El Dorado,AR
302,"Pure Chem Separation, LP",Pure Chem Domestic ODS Destruction Project #3,ODS,AR,55730,A-Gas,https://www.agas.com/,El Dorado,AR
303,"Pure Chem Separation, LP",Pure Chem Domestic ODS Destruction Project #4,ODS,AR,30061,A-Gas,https://www.agas.com/,El Dorado,AR
304,"Pure Chem Separation, LP",Pure Chem Domestic ODS Destruction Project #5,ODS,AR,233587,A-Gas,https://www.agas.com/,El Dorado,AR
339,Refrigerant Exchange Corp.,Refex ODS California 2010,ODS,OH,12510,Refridgerant Exchange Corp,www.refex.com/,Bowling Green,OH
335,"Reclamation Technologies, Inc.",RemTec International ODS Destruction Domestic Project #1,ODS,OH,210613,Refridgerant Exchange Corp,www.refex.com/,Bowling Green,OH
336,"Reclamation Technologies, Inc.",RemTec International ODS Destruction Domestic Project #2,ODS,TX,160623,RemTec,http://remtec.com/,,TX
337,"Reclamation Technologies, Inc.",RemTec ODS Destruction Domestic Project #2,ODS,OH,156882,RemTec,http://remtec.com/,Bowling Green,OH
340,"RES Agriculture NC1, LLC",RES Ag – DM2-1 LLC,Livestock,NC,28735,RES Agriculture,,Magnolia,NC
341,"RES Agriculture NC1, LLC",RES Ag – DM4-3 LLC,Livestock,NC,42270,RES Agriculture,,Magnolia,NC
155,Environmental Credit Corp.,Ridgecrest Dairy,Livestock,NY,1177,ClimeCo,https://climeco.com/,Auburn,NY
342,"Rips Redwoods, LLC",Rips Redwoods,Forest,CA,122277,Rips Redwoods,0,Stewarts Point,CA
49,"Camco International Group, Inc.",Riverview Farm Anaerobic Digester Project,Livestock,MN,131206,Camco International,https://www.camco.energy/,Morris ,MN
344,"Riverview, LLP",Riverview Farm Anaerobic Digester Project,Livestock,MN,36268,Riverview LLP,https://www.riverviewllp.com/,Morris ,MN
346,"Roeslein Alternative Energy of Missouri, LLC","Roeslein Alternative Energy of Missouri, LLC - Ruckman",Livestock,MO,3968,Roeslein Alternative Energy,roesleinalternativeenergy.com/,Milan,MO
347,"Roeslein Alternative Energy of Missouri, LLC","Roeslein Alternative Energy of Missouri, LLC – South Meadow",Livestock,MO,64859,Roeslein Alternative Energy,roesleinalternativeenergy.com/,Milan,MO
408,"UW-Oshkosh Foundation Rosendale Biodigester, LLC",Rosendale Anaerobic Digester,Livestock,WI,94701,Rosendale Dairy,0,Pickett,WI
350,Round Valley Indian Tribes,Round Valley Indian Tribes Improved Forest Management Project,Forest,CA,597657,Forest Carbon Partners,http://newforests.com.au/forests-carbon-partners/,Mendocino,CA
306,"RapRec Refrigerants, Inc.",RR 2012 1,ODS,OH,171993,"RapRec Refrigerants,",https://www.raprec.com/,Bowling Green,OH
307,"RapRec Refrigerants, Inc.",RR ACR 2013,ODS,OH,56124,"RapRec Refrigerants,",https://www.raprec.com/,Bowling Green,OH
308,"RapRec Refrigerants, Inc.",RR ACR 2014,ODS,OH,315794,"RapRec Refrigerants,",https://www.raprec.com/,Bowling Green,OH
356,Sierra Pacific Industries,Sacramento Canyon ARB001,Forest,CA,662284,Sierra Pacific Industries,https://www.spi-ind.com/,Redding,CA
280,Origin Climate Inc. (formerly TerraPass Inc.),Scenic View Dairy,Livestock,MI,25000,3Degrees,https://3degreesinc.com/,Fennville ,MI
285,"Origin Climate, Inc.",Scenic View Dairy I,Livestock,MI,33812,3Degrees,https://3degreesinc.com/,Fennville ,MI
352,"Scenic View Dairy, LLC",Scenic View Dairy Methane Reduction Project,Livestock,MI,72805,3Degrees,https://3degreesinc.com/,Fennville ,MI
360,"Solvay Chemicals, Inc.","Solvay Chemicals, Inc. Waste Mine Methane Project",MMC,WY,744290,Solvay Chemicals Inc.,https://www.solvay.us/en/index.html,Green River,WY
357,"Solar & Renewables Management, LLC",Southern Generation,Livestock,AZ,11606,Solar & Renewables Management,0,Buckeye,AZ
76,ClimeCo Corporation,Spruce Haven Farm COP,Livestock,NY,17820,ClimeCo,https://climeco.com/,Scipio Center,NY
9,"3Degrees Group, LLC",Statz B Farm Anaerobic Digester,Livestock,WI,20009,Statz Bros Inc,https://www.facebook.com/statzbrothers,Sun Prairie,WI
361,"Statz Bros., Inc.",Statz B Farm Anaerobic Digester,Livestock,WI,15226,Statz Bros Inc,https://www.facebook.com/statzbrothers,Sun Prairie,WI
10,"3Degrees Group, LLC",Statz Bros. Home Farm Anaerobic Digester,Livestock,WI,10926,Statz Bros Inc,https://www.facebook.com/statzbrothers,Sun Prairie,WI
362,"Statz Bros., Inc.",Statz Bros. Home Farm Anaerobic Digester,Livestock,WI,9196,Statz Bros Inc,https://www.facebook.com/statzbrothers,Sun Prairie,WI
50,"Camco International Group, Inc.","Storms Hog Power, LLC",Livestock,NC,17339,Camco International,https://www.camco.energy/,Bladenboro,NC
363,"Storms Hog Power Partners, LLC","Storms Hog Power, LLC",Livestock,NC,28775,Camco International,https://www.camco.energy/,Bladenboro,NC
358,"Solar & Renewables Management, LLC",Stotz Southern Generation,Livestock,AZ,74777,Solar & Renewables Management,0,Buckeye,AZ
364,Sunny Knoll Farms,Sunny Knoll Farms Anaerobic Digester,Livestock,NY,25793,Sunny Knoll Farms,www.sunnyknollecofarm.com/,Rochester,NY
77,ClimeCo Corporation,Sunnyside Farms COP,Livestock,NY,76970,ClimeCo,https://climeco.com/,Scipio Center,NY
78,ClimeCo Corporation,Sunnyside Farms Inc,Livestock,NY,34436,ClimeCo,https://climeco.com/,Scipio Center,NY
366,"Swiss Valley Farms, LLC",Swiss Valley Farms,Livestock,NY,6519,Swiss Valley Farms,https://www.swissvalley.com/,Warsaw,NY
51,"Camco International Group, Inc.","Synergy Biogas, LLC",Livestock,NY,14925,Camco International,https://www.camco.energy/,Covington,NY
367,"Synergy Biogas, LLC","Synergy Biogas, LLC",Livestock,NY,28262,Camco International,https://www.camco.energy/,Covington,NY
79,ClimeCo Corporation,T&M Bos Dairy,Livestock,IN,40033,ClimeCo,https://climeco.com/,Fair Oaks,IN
156,Environmental Credit Corp.,T&M Bos Dairy,Livestock,IN,10993,ClimeCo,https://climeco.com/,Fair Oaks,IN
80,ClimeCo Corporation,T&M Herrema Dairy,Livestock,IN,48986,ClimeCo,https://climeco.com/,Fair Oaks,IN
157,Environmental Credit Corp.,T&M Herrema Dairy,Livestock,IN,15242,ClimeCo,https://climeco.com/,Fair Oaks,IN
81,ClimeCo Corporation,T&M Hidden View Dairy,Livestock,IN,33678,ClimeCo,https://climeco.com/,Rensselaer,IN
158,Environmental Credit Corp.,T&M Hidden View Dairy,Livestock,IN,14031,ClimeCo,https://climeco.com/,Rensselaer,IN
82,ClimeCo Corporation,T&M Windy Ridge Dairy,Livestock,IN,87176,ClimeCo,https://climeco.com/,Fair Oaks,IN
159,Environmental Credit Corp.,T&M Windy Ridge Dairy,Livestock,IN,28626,ClimeCo,https://climeco.com/,Fair Oaks,IN
58,"Cargill, Inc.",The B6 Dairy Farm BioFactory(R) Project,Livestock,ID,21992,"Cargill, Inc",https://www.cargill.com/sustainability/priorities/climate-change,Jerome ,ID
59,"Cargill, Inc.",The B6 Dairy Farm BioFactory® Project,Livestock,ID,24746,"Cargill, Inc",https://www.cargill.com/sustainability/priorities/climate-change,Jerome ,ID
13,"Ag Power DCD, LLC",The Dry Creek Dairy Biofactory Project,Livestock,ID,151703,Camco International,https://www.camco.energy/,Hansen,ID
15,"AgPower DCD, LLC",The Dry Creek Dairy Biofactory Project,Livestock,ID,50088,Camco International,https://www.camco.energy/,Hansen,ID
52,"Camco International Group, Inc.",The Dry Creek Dairy Biofactory Project,Livestock,ID,20812,Camco International,https://www.camco.energy/,Hansen,ID
53,"Camco International Group, Inc.",The Dry Creek Dairy Biofactory® Project,Livestock,ID,95815,Camco International,https://www.camco.energy/,Hansen,ID
198,Fred M. van Eck Forest Foundation for Purdue University,The Van Eck Forest,Forest,CA,384954,Pacific Forest Trust,https://www.pacificforest.org/,Eureka,CA
379,"TMF Biofuels, LLC",TMF Biofuels Dairy Digester,Livestock,OR,162838,TMF Biofuels,0,Boardman,OR
380,"Tradewater, LLC",Tradewater ODS 1,ODS,AR,116741,Tradewater LLC,https://www.tradewater.us/,El Dorado,AR
381,"Tradewater, LLC",Tradewater ODS 10,ODS,OH,137262,Tradewater LLC,https://www.tradewater.us/,East Liverpool,OH
382,"Tradewater, LLC",Tradewater ODS 11,ODS,OH,118326,Tradewater LLC,https://www.tradewater.us/,East Liverpool,OH
383,"Tradewater, LLC",Tradewater ODS 12,ODS,OH,132126,Tradewater LLC,https://www.tradewater.us/,East Liverpool,OH
384,"Tradewater, LLC",Tradewater ODS 13,ODS,OH,140145,Tradewater LLC,https://www.tradewater.us/,East Liverpool,OH
385,"Tradewater, LLC",Tradewater ODS 14,ODS,OH,141087,Tradewater LLC,https://www.tradewater.us/,East Liverpool,OH
386,"Tradewater, LLC",Tradewater ODS 15,ODS,OH,52322,Tradewater LLC,https://www.tradewater.us/,East Liverpool,OH
387,"Tradewater, LLC",Tradewater ODS 16,ODS,OH,148592,Tradewater LLC,https://www.tradewater.us/,East Liverpool,OH
388,"Tradewater, LLC",Tradewater ODS 17,ODS,OH,105029,Tradewater LLC,https://www.tradewater.us/,East Liverpool,OH
389,"Tradewater, LLC",Tradewater ODS 18,ODS,OH,96146,Tradewater LLC,https://www.tradewater.us/,East Liverpool,OH
390,"Tradewater, LLC",Tradewater ODS 19,ODS,OH,85284,Tradewater LLC,https://www.tradewater.us/,East Liverpool,OH
391,"Tradewater, LLC",Tradewater ODS 2,ODS,AR,103357,Tradewater LLC,https://www.tradewater.us/,El Dorado,AR
392,"Tradewater, LLC",Tradewater ODS 20,ODS,OH,83032,Tradewater LLC,https://www.tradewater.us/,East Liverpool,OH
393,"Tradewater, LLC",Tradewater ODS 21,ODS,OH,35887,Tradewater LLC,https://www.tradewater.us/,East Liverpool,OH
394,"Tradewater, LLC",Tradewater ODS 22,ODS,OH,83594,Tradewater LLC,https://www.tradewater.us/,Bowling Green,OH
395,"Tradewater, LLC",Tradewater ODS 23,ODS,OH,101230,Tradewater LLC,https://www.tradewater.us/,Bowling Green,OH
396,"Tradewater, LLC",Tradewater ODS 24,ODS,OH,83226,Tradewater LLC,https://www.tradewater.us/,Bowling Green,OH
397,"Tradewater, LLC",Tradewater ODS 3,ODS,AR,97813,Tradewater LLC,https://www.tradewater.us/,El Dorado,AR
398,"Tradewater, LLC",Tradewater ODS 4,ODS,AR,91819,Tradewater LLC,https://www.tradewater.us/,El Dorado,AR
399,"Tradewater, LLC",Tradewater ODS 5,ODS,AR,121455,Tradewater LLC,https://www.tradewater.us/,El Dorado,AR
400,"Tradewater, LLC",Tradewater ODS 6,ODS,AR,120918,Tradewater LLC,https://www.tradewater.us/,El Dorado,AR
401,"Tradewater, LLC",Tradewater ODS 7,ODS,OH,138972,Tradewater LLC,https://www.tradewater.us/,El Dorado,AR
402,"Tradewater, LLC",Tradewater ODS 8,ODS,OH,138331,Tradewater LLC,https://www.tradewater.us/,El Dorado,AR
403,"Tradewater, LLC",Tradewater ODS 9,ODS,OH,129854,Tradewater LLC,https://www.tradewater.us/,El Dorado,AR
404,"Trinity Timberlands, LLC",Trinity Timberlands University Hill Improved Forest Management Project,Forest,CA,847895,Forest Carbon Partners,http://newforests.com.au/forests-carbon-partners/,Weaverville,CA
406,"Usal Redwood Forest Company, LLC",Usal Redwood Forest,Forest,CA,3918782,The Conservation Fund,https://www.conservationfund.org/projects/usal-redwood-forest,Mendocino,CA
407,"Usal Redwood Forest Company, LLC",Usal Redwood Forest - IFM,Forest,CA,910321,The Conservation Fund,https://www.conservationfund.org/projects/usal-redwood-forest,Mendocino,CA
29,Biothermica Coal Carbon Inc.,Vamox® Demonstration Project at JWR Shaft No. 4-9,MMC,AL,80766,Biothermica,http://www.biothermica.com/,Brookwood,AL
199,Fred M. van Eck Forest Foundation for Purdue University,Van Eck Forest,Forest,CA,10433,Pacific Forest Trust,https://www.pacificforest.org/,Eureka,CA
245,"Maas Energy Works, Inc.",Van Steyn Dairy Digester,Livestock,CA,5572,Maas Energy,https://www.maasenergy.com/,Sacramento,CA
83,ClimeCo Corporation,Vander Haak Dairy COP,Livestock,WA,9199,ClimeCo,https://climeco.com/,Lynden,WA
54,"Camco International Group, Inc.",Vanderhyde Dairy,Livestock,VA,22251,Camco International,https://www.camco.energy/,Chatham,VA
112,"Dairy Energy, Inc.",Vanderhyde Dairy,Livestock,VA,26642,Camco International,https://www.camco.energy/,Chatham,VA
409,"Van Erk Dairy, LLC",Van-Erk Dairy Digester Project,Livestock,OH,6298,Van Erk Digester,,Haviland,OH
410,"Van Erk Dairy, LLC",Van-Erk Digester Project,Livestock,OH,3739,Van Erk Digester,,Haviland,OH
411,"Verdeo McElroy, LLC",Verdeo Marshall County VAM Abatement Project,MMC,WV,776100,McElroy Green Marketing,,Glen Easton,WV
412,"Verdeo McElroy, LLC",Verdeo McElroy VAM Abatement Project,MMC,WV,197411,McElroy Green Marketing,,Glen Easton,WV
294,Philip Verwey Farms,Verwey Hanford Dairy Digester,Livestock,CA,89575,Philip Verwey,0,Hanford,CA
376,The Nature Conservancy,Virginia Conservation Forestry Program – Clifton Farm,Forest,VA,108872,The Nature Conservancy,https://www.nature.org/en-us/,Tazewell,VA
377,The Nature Conservancy,Virginia Conservation Forestry Program – Rich Mountain,Forest,VA,168281,The Nature Conservancy,https://www.nature.org/en-us/,Tazewell,VA
378,The Nature Conservancy,Virginia Conservation Forestry Program – Tazewell – Elk Garden,Forest,VA,295726,The Nature Conservancy,https://www.nature.org/en-us/,Tazewell,VA
222,"Heartwood Forestland Fund IV, Limited Partnership",Virginia Highlands I,Forest,VA,193277,Finite Carbon,https://www.finitecarbon.com/,Lebanon,VA
417,"Wabashco, LLC",Wabashco Clean Sweep 1,ODS,OH,50600,"Wabashco, Inc",0,Bowling Green,OH
418,"Wabashco, LLC",Wabashco Clean Sweep 2,ODS,OH,88044,"Wabashco, Inc",0,Bowling Green,OH
419,"Wabashco, LLC",Wabashco Clean Sweep 3,ODS,OH,112378,"Wabashco, Inc",0,Bowling Green,OH
420,"Wabashco, LLC",Wabashco Clean Sweep 4,ODS,OH,110003,"Wabashco, Inc",0,Bowling Green,OH
421,"Wabashco, LLC",Wabashco Clean Sweep 5,ODS,OH,57589,"Wabashco, Inc",0,Bowling Green,OH
422,"Wabashco, LLC",Wabashco Clean Sweep 6,ODS,OH,39036,"Wabashco, Inc",0,Bowling Green,OH
423,"Wabashco, LLC",Wabashco Clean Sweep 7,ODS,OH,116836,"Wabashco, Inc",0,Bowling Green,OH
424,"Wabashco, LLC",Wabashco Clean Sweep 8,ODS,OH,111977,"Wabashco, Inc",0,Bowling Green,OH
425,"Wabashco, LLC",Wabashco Clean Sweep 9,ODS,OH,93298,"Wabashco, Inc",0,Bowling Green,OH
440,"WTE Wakker, LLC",Wakker Digester,Livestock,WI,46487,WTE Dairies,0,Kewaunee,WI
89,Confederated Tribes of the Warm Springs Reservation of Oregon,Warm Springs Phase One,Forest,OR,2154371,Finite Carbon,https://www.finitecarbon.com/,Warm Springs,OR
55,"Camco International Group, Inc.",West River Farm Anaerobic Digester Project,Livestock,MN,95105,Camco International,https://www.camco.energy/,Morris ,MN
345,"Riverview, LLP",West River Farm Anaerobic Digester Project,Livestock,MN,60461,Riverview LLP,https://www.riverviewllp.com/,Morris ,MN
427,White Mountain Apache Tribe,White Mountain Apache Tribe Carbon Project II,Forest,AZ,6004826,White Mountain Apache Tribe,https://whitemountainapache.org/,White River,AZ
428,White Mountain Apache Tribe,White Mountain Apache Tribe Forest Carbon Project,Forest,AZ,4739827,White Mountain Apache Tribe,https://whitemountainapache.org/,White River,AZ
56,"Camco International Group, Inc.",Willet Dairy,Livestock,NY,27688,Camco International,https://www.camco.energy/,King Ferry,NY
429,"Willet Dairy, LLC",Willet Dairy,Livestock,NY,62899,Camco International,https://www.camco.energy/,King Ferry,NY
85,"Coastal Ridges LLC, a California Limited Liability Company",Willits Woods,Forest,CA,1464582,Coastal Ridges LLC,0,Mendocino,CA
86,"Coastal Ridges LLC, a California Limited Liability Company",Willits Woods IFM,Forest,CA,406051,Coastal Ridges LLC,0,Mendocino,CA
160,Environmental Credit Corp.,Will-O-Crest Farms Livestock Project,Livestock,NY,2376,ClimeCo,https://climeco.com/,Canandaigua,NY
57,"Camco International Group, Inc.","Willow Point Dairy, LLC",Livestock,MI,59212,Camco International,https://www.camco.energy/,Orleans ,MI
430,"Willow Point Dairy, LLC","Willow Point Dairy, LLC",Livestock,MI,65333,Camco International,https://www.camco.energy/,Orleans ,MI
161,Environmental Credit Corp.,Windy Ridge Dairy,Livestock,IN,37535,ClimeCo,https://climeco.com/,Fair Oaks,IN
135,"ECC Bethany, Inc.",WMMC1,MMC,WV,23060,Blue Source,http://www.bluesource.com/,Cameron ,WV
435,"Woodcrest Dairy, LLC",Woodcrest Dairy Digester,Livestock,NY,18113,Woodcrest Dairy Digester,0,Ogdenburg,NY
431,"Wilshire Stanford Offsets, LLC",WSO 2011 1,ODS,AR,87503,Wilshire Stanford Offsets,0,El Dorado,AR
432,"Wilshire Stanford Offsets, LLC",WSO 2011 2,ODS,OH,46215,Wilshire Stanford Offsets,0,El Dorado,AR
436,"WTE-Dallmann, LLC","WTE-Dallmann, LLC",Livestock,WI,67090,WTE Dairies,,Kewaunee,WI
437,"WTE-S&S Ag Enterprises, LLC","WTE-S&S Ag Enterprises, LLC",Livestock,WI,53648,WTE Dairies,,Kewaunee,WI
223,"Heartwood Forestland Fund IV, Limited Partnership",Wyoming Improved Forest Management Project,Forest,WV,4765011,Finite Carbon,https://www.finitecarbon.com/,Pikeville ,WV
21,Arlin Benner,Yippee Farms,Livestock,PA,23851,Yippee Farms,http://www.yippeefarm.com/index.html,Columbia,PA
442,Yurok Tribe,Yurok Tribe Sustainable Forest Project,Forest,CA,1330141,Forest Carbon Partners,http://newforests.com.au/forests-carbon-partners/,Eureka,CA
443,Yurok Tribe,Yurok Tribe/Forest Carbon Partners CKGG Improved Forest Management Project,Forest,CA,983651,Forest Carbon Partners,http://newforests.com.au/forests-carbon-partners/,Eureka,CA
